sale_id,sale_date,territory,product_sku,quantity,unit_price,discount_pct,gross_amount,net_amount,return_flag,salesperson_id
S0001,2024-12-20,Central,P027,91,3106.01,25%,282646.91,211985.18,Y,SP05
S0002,2024-03-09,South,P010,68,2572.65,0.19,174940.2,174940.2,N,SP01
S0003,2024-11-23,North,P027,37,USD 943.26,20%,34900.62,27920.5,N,SP09
S0004,2024-02-25,West,P015,48,USD 181.80,0.21,8726.4,8726.4,N,SP19
S0005,2024-11-13,Nrth,P037,86,729.0,0.08,62694.0,62694.0,N,SP06
S0006,2024-09-07,Sout,P026,70,3643.55,30%,255048.5,178533.95,N,SP06
S0007,2024-06-03,East,P040,72,2713.35,28%,195361.2,140660.06,N,SP20
S0008,2024-12-19,Central,P030,-3,4334.88,0.02,-13004.64,-13004.64,N,SP04
S0009,2024-11-01,South,P031,-2,1341.27,0.19,-2682.54,-2682.54,N,SP19
S0010,2024-12-23,Sout,P030,66,1350.07,9%,89104.62,81085.2,N,SP02
S0011,2024-11-08,Sout,P019,92,2676.31,0.06,246220.52,246220.52,N,SP04
S0012,2024-12-26,Sout,P033,4,USD 4220.16,0.05,16880.64,16880.64,N,SP11
S0013,2024-02-03,Nrth,P012,66,$2153.22,15%,142112.52,120795.64,N,SP16
S0014,2024-11-18,North,P023,25,1665.64,15,41641.0,41641.0,N,SP07
S0015,2024-01-26,South,P042,25,177.35,20,4433.75,4433.75,N,SP19
S0016,2024-11-04,North,P005,30,1463.51,18%,43905.3,36002.35,N,SP19
S0017,2024-08-14,Nrth,P014,40,752.7,0.24,30108.0,30108.0,N,SP12
S0018,2024-03-21,Sout,P038,11,3091.43,21%,34005.73,26864.53,N,SP10
S0019,2024-09-17,Nrth,P024,98,607.29,9,59514.42,59514.42,N,SP15
S0020,2024-03-21,West,P046,-4,720.9,11%,-2883.6,-2566.4,N,SP14
S0021,2024-12-22,West,P020,91,3087.58,0.16,280969.78,280969.78,N,SP02
S0022,2024-12-11,North,P046,37,1199.69,28%,44388.53,31959.74,N,SP07
S0023,2024-12-20,Sout,P012,66,$3958.61,,261268.26,261268.26,N,SP13
S0024,2024-11-28,Sout,P038,49,650.55,6%,31876.95,29964.33,N,SP19
S0025,11/14/2024,Sout,P023,58,3369.59,14%,195436.22,168075.15,N,SP09
S0026,2024-07-04,Sout,P013,52,2144.41,0.08,111509.32,111509.32,N,SP01
S0027,2024-12-04,South,P027,96,4812.83,0%,462031.68,462031.68,N,SP16
S0028,2024-11-09,Sout,P044,79,1064.84,0.14,84122.36,84122.36,N,SP17
S0029,2024-03-02,West,P031,87,2473.54,0.27,322796.97,322796.97,N,SP17
S0030,2024-04-24,Central,P027,60,$3142.33,7,188539.8,188539.8,N,SP04
S0031,2024-07-04,North,P047,56,186.32,0.12,10433.92,10433.92,Y,SP05
S0032,2024-08-11,South,P009,-10,USD 2241.38,0.25,-22413.8,-22413.8,N,SP15
S0033,2024-12-13,Nrth,P008,70,3561.21,9,249284.7,249284.7,N,SP12
S0034,12/03/2024,West,P050,86,1374.60,0.25,118215.6,118215.6,N,SP02
S0035,2024-02-15,South,P018,24,2438.5,0.23,58524.0,58524.0,N,SP18
S0036,2024-03-01,South,P012,86,2996.14,0.06,386502.06,386502.06,N,SP02
S0037,2024-01-02,Central,P021,53,$2937.42,17,155683.26,155683.26,N,SP01
S0038,2024-06-18,Nrth,P011,49,3676.26,8,180136.74,180136.74,N,SP12
S0039,11/02/2024,Nrth,P032,15,4678.12,0.05,70171.8,70171.8,N,SP05
S0040,2024-05-09,Sout,P029,19,3164.09,0.01,60117.71,60117.71,N,SP04
S0041,2024-11-27,Sout,P019,2,594.46,18,1188.92,1188.92,N,SP03
S0042,2024-06-20,West,P035,15,1647.17,17%,24707.55,20507.27,N,SP05
S0043,2024-13-45,South,P032,7,1846.15,10%,12923.05,11630.75,N,SP02
S0044,2024-05-13,East,P043,68,641.47,0.03,43619.96,43619.96,N,SP14
S0045,2024-12-05,Sout,P030,55,1305.26,0.02,71789.3,71789.3,N,SP19
S0046,2024-12-11,Nrth,P032,69,2659.47,0.01,183503.43,183503.43,N,SP06
S0047,2024-13-45,Sout,P036,49,1055.79,0.29,51733.71,51733.71,N,SP16
S0048,2024-10-01,South,P039,42,1711.69,10,71890.98,71890.98,N,SP06
S0049,2024-11-12,North,P008,82,196.46,0.29,16109.72,16109.72,N,SP10
S0050,2024-10-25,North,P026,20,2322.95,0,46459.0,46459.0,N,SP01
S0051,2024-02-16,Central,P020,32,4957.64,11%,158644.48,141193.59,N,SP12
S0052,2024-11-07,East,P034,-8,3183.16,26%,-25465.28,-18844.31,N,SP12
S0053,2024-10-26,North,P049,24,3293.25,24%,79038.0,60068.88,N,SP13
S0054,2024-04-22,Central,P028,58,4180.82,7%,242487.56,225513.43,N,SP20
S0055,2024-07-01,West,P017,36,2776.76,0.08,99963.36,99963.36,N,SP09
S0056,2024-04-15,East,P045,84,2259.09,27,189763.56,189763.56,N,SP03
S0057,2024-08-20,Central,P022,49,2189.0,16%,107261.0,90099.24,N,SP20
S0058,2024-07-13,South,P016,3,486.18,10,1458.54,1458.54,Y,SP11
S0059,2024-09-17,Sout,P032,86,4568.60,0.22,392899.6,392899.6,N,SP05
S0060,26-10-2024,North,P019,55,1551.0,0.12,85305.0,85305.0,N,SP13
S0061,2024-09-26,West,P030,84,733.91,5,61648.44,61648.44,Y,SP05
S0062,2024-11-13,Nrth,P038,16,$3410.94,,54575.04,54575.04,N,SP13
S0063,2024-10-21,East,P039,64,395.67,0.11,25322.88,25322.88,N,SP12
S0064,2024-07-11,East,P001,67,3593.01,0.0,361097.51,361097.51,N,SP10
S0065,2024-05-27,North,P038,24,917.22,10,22013.28,22013.28,N,SP07
S0066,2024-03-01,Sout,P024,15,4289.42,0.13,64341.3,64341.3,N,SP10
S0067,2024-01-20,West,P040,37,996.52,25%,55306.86,41480.15,N,SP20
S0068,2024-11-07,North,P031,26,4453.78,20,115798.28,115798.28,N,SP11
S0069,2024-04-20,East,P033,10,4740.9,20,47409.0,47409.0,N,SP10
S0070,2024-10-14,North,P044,65,1438.17,17,93481.05,93481.05,Y,SP07
S0071,2024-10-01,Nrth,P035,29,615.22,16%,17841.38,14986.76,N,SP20
S0072,2024-12-09,Sout,P038,95,4738.62,12%,450168.9,396148.63,N,SP04
S0073,2024-12-27,North,P027,90,3055.42,0.19,274987.8,274987.8,N,SP08
S0074,2024-10-17,Sout,P030,55,$4508.50,0.04,247967.5,247967.5,N,SP13
S0075,2024-04-19,East,P048,34,3238.65,2%,165171.15,161867.73,N,SP08
S0076,2024-08-05,East,P036,3,2548.99,0%,7646.97,7646.97,N,SP06
S0077,2024-06-05,West,P044,67,4966.14,19,332731.38,332731.38,N,SP10
S0078,2024-12-08,Central,P004,74,4324.93,0.11,320044.82,320044.82,N,SP02
S0079,2024-10-20,East,P027,34,2448.26,17%,83240.84,69089.9,N,SP17
S0080,2024-02-23,Central,P009,50,$1814.91,0.07,90745.5,90745.5,N,SP12
S0081,2024-08-24,Sout,P028,4,277.11,6%,1108.44,1041.93,N,SP12
S0082,2024-12-22,West,P006,97,1002.03,26%,97196.91,71925.71,N,SP17
S0083,06-12-2024,East,P046,29,2808.91,0.13,81458.39,81458.39,N,SP01
S0084,2024-01-07,Sout,P001,91,2628.42,0.22,239186.22,239186.22,N,SP01
S0085,2024-10-06,Sout,P043,88,636.55,0.0,56016.4,56016.4,N,SP05
S0086,2024-07-13,Nrth,P029,17,2400.49,0.08,40808.33,40808.33,N,SP07
S0087,2024-12-02,Sout,P031,23,4600.28,,105806.44,105806.44,N,SP18
S0088,2024-01-23,Sout,P012,94,953.59,18,89637.46,89637.46,N,SP15
S0089,2024-12-18,North,P036,-10,227.72,15%,-2277.2,-1935.62,N,SP01
S0090,2024-12-27,South,P008,-6,USD 2851.80,,-17110.8,-17110.8,N,SP01
S0091,2024-11-09,North,P045,12,$3624.18,0.22,65235.24,65235.24,N,SP18
S0092,2024-04-27,South,P026,62,2419.69,17%,150020.78,124517.25,N,SP08
S0093,2024-10-14,Central,P038,54,USD 53.75,0.26,2902.5,2902.5,N,SP17
S0094,2024-12-11,South,P034,32,3251.67,1%,104053.44,103012.91,N,SP01
S0095,2024-12-28,North,P042,19,1763.84,29%,33512.96,23794.2,N,SP20
S0096,2024-03-25,North,P012,58,2246.15,,130276.7,130276.7,N,SP06
S0097,2024-10-24,Sout,P009,37,$2934.50,1%,108576.5,107490.74,N,SP17
S0098,2024-02-19,West,P025,54,2820.78,0.12,152322.12,152322.12,N,SP14
S0099,2024-12-01,Nrth,P026,74,1352.1,17%,100055.4,83045.98,N,SP15
S0100,2024-04-02,Central,P032,14,2298.84,0.23,32183.76,32183.76,N,SP10
S0101,2024-12-18,Sout,P036,33,872.27,8,43177.36,43177.36,N,SP05
S0102,2024-09-18,Nrth,P001,81,4901.77,0.23,397043.37,397043.37,N,SP16
S0103,2024-02-23,Sout,P040,83,USD 4223.12,1%,350518.96,347013.77,N,SP06
S0104,2024-10-07,West,P011,85,3241.08,21%,275491.8,217638.52,N,SP18
S0105,2024-09-28,South,P004,79,24.37,30%,1925.23,1347.66,N,SP16
S0106,02-11-2024,West,P043,45,3242.37,0.26,218859.97,218859.97,N,SP13
S0107,2024-03-12,Central,P022,39,USD 1191.96,0.19,46486.44,46486.44,N,SP10
S0108,2024-01-10,East,P006,69,607.65,0.02,41927.85,41927.85,N,SP07
S0109,2024-10-07,East,P017,16,4001.34,23%,64021.44,49296.51,N,SP14
S0110,2024-06-14,South,P001,50,3323.3,0.1,166165.0,166165.0,N,SP06
S0111,2024-07-19,Nrth,P036,79,3441.34,0.29,271865.86,271865.86,N,SP13
S0112,2024-05-18,South,P010,21,616.35,0.16,12943.35,12943.35,N,SP01
S0113,2024-12-24,Nrth,P031,50,3392.93,22,254469.75,254469.75,N,SP02
S0114,2024-07-14,South,P045,13,1938.13,0.09,25195.69,25195.69,Y,SP12
S0115,2024-11-04,Nrth,P032,19,3198.15,0.11,60764.85,60764.85,N,SP18
S0116,2024-09-22,Sout,P005,47,1252.25,22%,58855.75,45907.49,N,SP05
S0117,2024-03-12,Nrth,P005,36,4863.47,0.26,175084.92,175084.92,N,SP07
S0118,2024-12-07,Sout,P033,22,3700.53,24,81411.66,81411.66,N,SP17
S0119,2024-10-22,Nrth,P020,100,4255.84,15%,425584.0,361746.4,N,SP12
S0120,12/04/2024,West,P029,75,1215.68,19,91176.0,91176.0,N,SP09
S0121,2024-10-23,Nrth,P039,53,2422.86,7%,128411.58,119422.77,N,SP06
S0122,2024-10-14,West,P030,78,3540.1,2%,276127.8,270605.24,N,SP14
S0123,2024-08-11,West,P008,30,USD 1857.02,21%,55710.6,44011.37,N,SP17
S0124,2024-09-22,West,P011,98,$4973.32,13%,487385.36,424025.26,N,SP08
S0125,2024-09-11,Central,P023,42,4361.21,0.28,183170.82,183170.82,N,SP18
S0126,2024-13-45,North,P032,72,718.07,0.1,51701.04,51701.04,N,SP17
S0127,2024-12-05,North,P040,92,1015.52,12,93427.84,93427.84,Y,SP14
S0128,2024-10-13,West,P047,10,3523.79,,35237.9,35237.9,N,SP06
S0129,2024-12-18,Sout,P022,59,1522.06,2%,89801.54,88005.51,N,SP16
S0130,2024-12-28,Central,P030,-2,2841.96,0.27,-5683.92,-5683.92,N,SP06
S0131,2024-03-16,Sout,P043,-9,2823.62,29%,-25412.58,-18042.93,N,SP17
S0132,2024-07-09,Sout,P004,74,4569.89,0.15,338171.86,338171.86,N,SP14
S0133,2024-09-04,Sout,P042,55,3994.55,0.09,329550.38,329550.38,N,SP15
S0134,2024-11-19,Central,P037,45,807.69,0.3,36346.05,36346.05,N,SP09
S0135,2024-08-01,West,P046,9,2225.45,0.04,20029.05,20029.05,N,SP07
S0136,2024-10-22,West,P032,38,3617.92,0.11,137480.96,137480.96,N,SP02
S0137,2024-02-20,West,P009,86,2642.34,27%,227241.24,165886.11,N,SP18
S0138,2024-08-22,East,P038,17,4513.19,0.06,76724.23,76724.23,N,SP12
S0139,2024-12-16,Nrth,P013,66,4689.24,2%,309489.84,303300.04,N,SP16
S0140,2024-08-26,Nrth,P046,96,3513.26,3%,337272.96,327154.77,N,SP12
S0141,2024-04-22,North,P033,20,267.28,29%,5345.6,3795.38,N,SP03
S0142,2024-12-05,South,P005,100,1464.31,0,146431.0,146431.0,N,SP11
S0143,2024-06-15,West,P013,71,3209.37,0.03,227865.27,227865.27,N,SP11
S0144,2024-05-07,North,P048,76,94.96,0.15,7216.96,7216.96,N,SP07
S0145,2024-06-28,West,P047,80,2024.68,0.04,161974.4,161974.4,N,SP09
S0146,2024-12-01,North,P044,70,3298.75,0%,230912.5,230912.5,N,SP06
S0147,2024-07-15,Sout,P022,49,3213.95,16,157483.55,157483.55,N,SP16
S0148,2024-11-06,North,P043,36,2205.09,0.07,79383.24,79383.24,N,SP18
S0149,2024-10-09,North,P021,7,2631.52,0.11,18420.64,18420.64,N,SP09
S0150,2024-01-07,North,P010,56,2755.76,0.19,231483.84,231483.84,Y,SP04
S0151,2024-05-26,Sout,P012,10,1173.58,3%,11735.8,11383.73,N,SP13
S0152,2024-09-01,North,P044,47,3061.37,0.07,143884.39,143884.39,N,SP02
S0153,2024-12-25,Central,P049,93,303.57,28%,28232.01,20327.05,N,SP01
S0154,2024-06-10,South,P048,81,3773.94,,458533.71,458533.71,N,SP16
S0155,2024-02-18,South,P005,49,3054.56,0.02,149673.44,149673.44,N,SP01
S0156,2024-01-24,Sout,P027,3,USD 951.70,1%,2855.1,2826.55,N,SP12
S0157,2024-06-12,West,P021,-4,931.69,29%,-3726.76,-2646.0,N,SP13
S0158,2024-12-11,North,P043,8,474.48,0.13,3795.84,3795.84,N,SP10
S0159,2024-13-45,East,P023,96,1324.26,12%,127128.96,111873.48,N,SP20
S0160,2024-10-22,Sout,P021,76,1405.54,26%,160231.56,118571.35,N,SP03
S0161,2024-08-13,Central,P016,100,1093.76,0.2,109376.0,109376.0,N,SP18
S0162,2024-12-19,Central,P019,77,4553.06,0.15,350585.62,350585.62,N,SP11
S0163,2024-11-01,Central,P025,28,1098.3,2,46128.6,46128.6,N,SP04
S0164,2024-09-08,West,P042,33,USD 3776.82,0%,124635.06,124635.06,N,SP02
S0165,2024-11-26,Central,P015,5,$1361.68,19%,6808.4,5514.8,N,SP15
S0166,2024-10-11,Sout,P035,54,3224.28,0.08,174111.12,174111.12,N,SP14
S0167,01-05-2024,West,P049,97,2885.52,,279895.44,279895.44,N,SP01
S0168,2024-06-05,Sout,P031,100,727.26,,72726.0,72726.0,N,SP04
S0169,2024-08-02,Central,P045,47,689.73,0.15,48625.97,48625.97,N,SP10
S0170,2024-06-27,Sout,P015,27,3828.94,11%,103381.38,92009.43,N,SP03
S0171,2024-10-26,Central,P040,24,$4226.73,0.12,101441.52,101441.52,N,SP19
S0172,2024-12-20,Central,P024,69,722.43,4,49847.67,49847.67,N,SP10
S0173,2024-11-01,North,P012,73,3392.22,14%,247632.06,212963.57,N,SP05
S0174,2024-05-18,North,P046,59,1743.9,30,102890.1,102890.1,N,SP18
S0175,2024-10-24,South,P049,74,USD 2916.89,0.04,215849.86,215849.86,N,SP10
S0176,2024-07-21,North,P005,47,2306.03,0.2,108383.41,108383.41,N,SP04
S0177,2024-09-02,East,P025,-10,$760.79,17,-7607.9,-7607.9,Y,SP19
S0178,2024-05-25,Nrth,P002,16,2454.64,1%,39274.24,38881.5,N,SP12
S0179,2024-07-06,Central,P040,61,USD 4382.45,9%,267329.45,243269.8,N,SP07
S0180,2024-11-06,Nrth,P028,38,4211.96,0.26,160054.48,160054.48,N,SP13
S0181,2024-12-05,North,P038,52,$3755.08,20%,195264.16,156211.33,N,SP19
S0182,2024-02-06,Nrth,P031,44,955.99,8%,42063.56,38698.48,N,SP05
S0183,2024-12-18,Sout,P032,43,199.16,0.1,8563.88,8563.88,N,SP18
S0184,2024-01-07,Sout,P018,93,4533.37,11,421603.41,421603.41,N,SP06
S0185,2024-01-06,South,P005,5,1697.01,20,8485.05,8485.05,N,SP13
S0186,2024-12-24,North,P017,7,410.37,6,2872.59,2872.59,N,SP07
S0187,2024-10-25,Central,P003,40,1974.29,0.04,118457.4,118457.4,N,SP16
S0188,2024-03-24,West,P007,89,2644.68,12,235376.52,235376.52,N,SP15
S0189,2024-02-19,Sout,P006,42,3095.68,17%,130018.56,107915.4,N,SP06
S0190,2024-01-16,Central,P049,12,4646.39,0.07,55756.68,55756.68,N,SP07
S0191,2024-05-10,South,P041,51,54.78,2%,2793.78,2737.9,N,SP19
S0192,2024-11-17,East,P032,94,4688.33,3,440703.02,440703.02,N,SP19
S0193,2024-10-19,Nrth,P004,48,2822.68,24%,135488.64,102971.37,N,SP08
S0194,2024-10-20,Sout,P031,91,$736.08,0.19,66983.28,66983.28,N,SP19
S0195,2024-12-10,Sout,P043,62,USD 2348.76,21%,145623.12,115042.26,N,SP12
S0196,2024-07-22,Central,P025,17,2854.82,0.24,48531.94,48531.94,N,SP12
S0197,2024-04-22,East,P040,2,758.61,0.0,1517.22,1517.22,N,SP19
S0198,2024-04-11,North,P028,-1,3107.32,0.23,-3107.32,-3107.32,N,SP05
S0199,2024-08-26,South,P028,81,1256.73,2%,101795.13,99759.23,N,SP17
S0200,2024-12-15,Nrth,P006,35,2505.99,,87709.65,87709.65,N,SP11
S0201,2024-06-10,North,P026,89,3095.26,11%,275478.14,245175.54,N,SP09
S0202,11/13/2024,East,P001,26,3332.55,11%,86646.3,77115.21,N,SP17
S0203,2024-10-19,East,P007,14,1647.77,14%,23068.78,19839.15,N,SP09
S0204,2024-11-09,North,P041,72,1634.48,27%,176523.84,128862.4,N,SP20
S0205,11/09/2024,East,P011,-10,USD 2690.67,0.22,-26906.7,-26906.7,N,SP10
S0206,2024-10-24,South,P049,28,1751.9,0.1,49053.2,49053.2,N,SP02
S0207,27-05-2024,Nrth,P015,57,1995.9,8%,113766.3,104665.0,N,SP10
S0208,2024-10-10,North,P032,94,570.32,19,53610.08,53610.08,N,SP12
S0209,2024-02-23,East,P034,55,2526.33,21%,208422.22,164653.56,N,SP05
S0210,2024-03-19,East,P026,82,2453.26,0.01,201167.32,201167.32,N,SP18
S0211,2024-02-20,North,P049,12,4138.28,8,49659.36,49659.36,N,SP18
S0212,2024-11-28,West,P031,10,$2742.58,0.24,27425.8,27425.8,N,SP16
S0213,2024-11-24,Central,P034,1,3642.46,13%,3642.46,3168.94,N,SP15
S0214,2024-06-10,Sout,P025,29,4524.52,0.06,131211.08,131211.08,N,SP14
S0215,2024-07-19,East,P030,66,2766.05,0.13,182559.3,182559.3,N,SP11
S0216,2024-04-06,South,P047,94,463.57,0.05,43575.58,43575.58,Y,SP06
S0217,2024-09-17,Nrth,P004,5,2357.93,20%,11789.65,9431.72,N,SP02
S0218,2024-10-19,South,P026,42,4704.74,0.13,197599.08,197599.08,N,SP02
S0219,2024-12-18,South,P050,24,4137.15,11%,99291.6,88369.52,N,SP15
S0220,2024-12-06,East,P036,17,USD 2252.02,0.18,38284.34,38284.34,N,SP08
S0221,2024-13-45,Sout,P005,100,78.99,19%,7899.0,6398.19,N,SP20
S0222,2024-11-18,North,P006,27,1026.69,20%,27720.63,22176.5,N,SP09
S0223,2024-12-01,Nrth,P044,32,97.89,3%,3132.48,3038.51,N,SP02
S0224,2024-07-03,North,P015,88,3945.06,2,347165.28,347165.28,Y,SP06
S0225,2024-07-15,Nrth,P024,3,4852.64,26%,14557.92,10772.86,N,SP06
S0226,2024-03-25,Central,P011,66,4028.81,14%,265901.46,228675.26,N,SP19
S0227,04/07/2024,North,P029,59,791.62,0.09,46705.58,46705.58,N,SP10
S0228,09/12/2024,North,P007,66,2840.94,0.24,187502.04,187502.04,N,SP03
S0229,2024-12-11,North,P033,97,2424.98,29,235223.06,235223.06,N,SP16
S0230,2024-12-23,Nrth,P042,6,$1914.92,0.23,11489.52,11489.52,N,SP18
S0231,2024-05-09,East,P026,75,3421.93,,256644.75,256644.75,N,SP17
S0232,2024-04-15,Central,P032,2,4303.38,0.16,8606.76,8606.76,N,SP07
S0233,2024-10-07,East,P044,86,174.09,7%,14971.74,13923.72,N,SP06
S0234,2024-10-16,South,P006,28,USD 289.02,11%,8092.56,7202.38,N,SP14
S0235,2024-02-05,West,P041,6,2326.03,16,13956.18,13956.18,N,SP09
S0236,2024-04-20,Central,P011,69,4016.69,19%,277151.61,224492.8,N,SP09
S0237,2024-06-24,Central,P018,39,1000.21,,39008.19,39008.19,N,SP19
S0238,2024-09-18,Central,P009,-10,796.51,,-7965.1,-7965.1,N,SP04
S0239,2024-10-08,East,P047,61,1551.39,21%,94634.79,74761.48,N,SP16
S0240,2024-10-26,West,P042,69,2172.42,16,149896.98,149896.98,N,SP03
S0241,2024-10-05,West,P034,98,1841.11,9%,180428.78,164190.19,N,SP13
S0242,2024-02-04,Central,P014,81,2402.67,4%,194616.27,186831.62,N,SP06
S0243,2024-05-27,West,P008,13,735.87,1%,9566.31,9470.65,N,SP04
S0244,2024-04-21,North,P038,38,3943.47,0.13,149851.86,149851.86,N,SP14
S0245,2024-12-22,West,P028,14,3515.04,12%,49210.56,43305.29,N,SP03
S0246,2024-10-18,North,P045,66,88.53,18%,5842.98,4791.24,N,SP17
S0247,2024-10-06,Sout,P003,54,$4592.98,0.24,248020.92,248020.92,N,SP19
S0248,2024-08-21,Nrth,P018,81,$1474.02,14,119395.62,119395.62,N,SP15
S0249,2024-10-05,South,P034,83,USD 2159.04,9%,179200.32,163072.29,N,SP16
S0250,2024-12-11,East,P012,16,2449.66,27,39194.56,39194.56,N,SP10
S0251,2024-11-01,Nrth,P031,75,817.30,0.14,61297.5,61297.5,N,SP04
S0252,2024-02-11,Nrth,P017,1,3514.06,0.02,3514.06,3514.06,N,SP12
S0253,2024-04-08,West,P025,64,1197.05,19%,76611.2,62055.07,N,SP03
S0254,2024-09-11,South,P014,46,2754.29,0.0,126697.34,126697.34,N,SP18
S0255,2024-01-26,Central,P048,63,4501.29,0.03,283581.27,283581.27,N,SP05
S0256,2024-12-21,Nrth,P019,61,1673.92,0.17,102109.12,102109.12,N,SP09
S0257,2024-06-19,West,P032,90,3214.05,0%,289264.5,289264.5,N,SP07
S0258,2024-10-18,East,P025,41,1151.08,18%,47194.28,38699.31,N,SP09
S0259,2024-10-02,West,P048,73,USD 2052.60,0.04,149839.8,149839.8,N,SP09
S0260,2024-04-26,North,P020,88,4363.69,4%,384004.72,368644.53,N,SP03
S0261,2024-11-16,North,P044,7,$278.64,12%,2925.72,2574.63,N,SP05
S0262,2024-02-04,Nrth,P032,44,$2695.96,9,118622.24,118622.24,N,SP19
S0263,2024-03-25,South,P044,87,2110.93,,183650.91,183650.91,N,SP01
S0264,2024-10-12,South,P026,8,USD 2703.51,,21628.08,21628.08,N,SP05
S0265,2024-08-06,East,P022,47,$4137.24,0.29,194450.28,194450.28,N,SP20
S0266,2024-06-17,North,P008,59,881.69,15,52019.71,52019.71,N,SP08
S0267,2024-11-05,North,P003,27,4160.04,,112321.08,112321.08,N,SP13
S0268,2024-09-13,East,P043,45,1111.97,0.05,50038.65,50038.65,N,SP03
S0269,2024-12-22,Nrth,P027,84,1980.06,23,166325.04,166325.04,N,SP04
S0270,2024-05-26,Sout,P022,67,757.89,0.24,50778.63,50778.63,N,SP09
S0271,2024-12-21,South,P031,16,3280.95,22%,52495.2,40946.26,N,SP13
S0272,2024-10-18,Sout,P002,20,1620.94,7%,32418.8,30149.48,N,SP06
S0273,2024-09-17,North,P013,4,1594.12,12%,6376.48,5611.3,N,SP08
S0274,2024-12-08,East,P002,98,$2738.55,0.26,268377.9,268377.9,N,SP12
S0275,2024-12-18,North,P039,6,$4855.85,23%,29135.1,22434.03,N,SP04
S0276,2024-12-12,Nrth,P049,79,$1301.19,8%,102794.01,94570.49,N,SP14
S0277,2024-08-14,East,P037,29,USD 2188.59,21%,63469.11,50140.6,N,SP11
S0278,11-11-2024,Central,P021,34,3483.09,0.0,118425.06,118425.06,N,SP06
S0279,2024-13-45,West,P035,38,USD 2407.29,0.27,91477.02,91477.02,N,SP14
S0280,2024-11-22,West,P038,49,3081.18,0.08,150977.82,150977.82,N,SP05
S0281,2024-03-01,Nrth,P007,95,649.92,0.03,61742.4,61742.4,N,SP12
S0282,2024-12-18,Sout,P032,27,4365.80,12%,117876.6,103731.41,N,SP06
S0283,2024-10-09,North,P049,39,4150.83,0.14,161882.37,161882.37,N,SP14
S0284,2024-10-20,East,P047,80,324.76,,25980.8,25980.8,N,SP01
S0285,2024-07-20,South,P022,53,3475.78,21%,184216.34,145530.91,N,SP02
S0286,2024-06-04,Sout,P043,27,USD 3001.66,19,81044.82,81044.82,N,SP07
S0287,2024-01-07,Nrth,P026,25,USD 4215.93,1,158097.38,158097.38,N,SP04
S0288,2024-13-45,East,P031,22,4269.53,0.01,93929.66,93929.66,N,SP14
S0289,2024-12-12,West,P034,77,4801.39,12%,369707.03,325342.19,N,SP15
S0290,2024-13-45,Central,P030,50,4368.97,0.12,218448.5,218448.5,N,SP06
S0291,2024-12-14,Central,P002,80,2916.93,0.0,350031.6,350031.6,N,SP05
S0292,2024-10-15,South,P037,28,4624.97,6,129499.16,129499.16,N,SP09
S0293,2024-06-11,South,P035,57,2802.54,25%,159744.78,119808.58,N,SP16
S0294,2024-11-04,North,P035,47,USD 1125.27,9,52887.69,52887.69,N,SP10
S0295,12/16/2024,East,P037,87,874.2,0.14,76055.4,76055.4,N,SP02
S0296,2024-10-28,East,P042,86,739.87,2%,63628.82,62356.24,N,SP15
S0297,2024-04-01,West,P035,20,1046.39,5%,20927.8,19881.41,N,SP12
S0298,2024-12-02,Sout,P007,77,1704.8,18%,131269.6,107641.07,N,SP13
S0299,2024-05-14,North,P030,69,USD 311.18,,32207.13,32207.13,N,SP02
S0300,2024-11-16,Central,P050,92,$4830.89,0.04,444441.88,444441.88,N,SP17
S0301,2024-11-25,East,P011,70,4411.08,25%,308775.6,231581.7,N,SP12
S0302,2024-04-22,North,P045,28,3772.84,4%,105639.52,101413.94,Y,SP03
S0303,10/25/2024,South,P034,85,675.97,14%,86186.18,74120.11,N,SP17
S0304,2024-12-23,East,P009,53,1243.73,0.27,65917.69,65917.69,N,SP18
S0305,2024-09-10,Central,P023,71,4743.05,11%,336756.55,299713.33,N,SP07
S0306,2024-08-23,Central,P028,83,2432.6,24,302858.7,302858.7,N,SP03
S0307,2024-12-07,North,P013,52,4247.34,27%,220861.68,161229.03,N,SP06
S0308,2024-11-09,Sout,P015,21,$4753.55,8,99824.55,99824.55,N,SP02
S0309,2024-08-08,South,P042,54,4362.34,,235566.36,235566.36,N,SP01
S0310,2024-05-20,Central,P043,76,3563.59,0.27,270832.84,270832.84,N,SP15
S0311,2024-01-03,West,P036,76,3220.01,30%,244720.76,171304.53,N,SP14
S0312,2024-11-19,East,P036,16,3922.48,0.29,94139.52,94139.52,N,SP03
S0313,2024-12-01,West,P029,92,1935.82,25,178095.44,178095.44,N,SP05
S0314,2024-11-08,Central,P050,21,3446.05,17%,72367.05,60064.65,N,SP08
S0315,2024-10-15,South,P022,67,3165.62,0.08,318144.81,318144.81,N,SP13
S0316,2024-04-10,Sout,P026,60,$389.14,0.14,23348.4,23348.4,N,SP07
S0317,2024-04-23,East,P030,75,$733.71,26,55028.25,55028.25,N,SP12
S0318,2024-13-45,Nrth,P017,25,1626.38,8,40659.5,40659.5,N,SP06
S0319,2024-02-21,North,P034,54,$4090.32,0.27,220877.28,220877.28,N,SP18
S0320,2024-12-02,Nrth,P012,78,3131.84,0.02,244283.52,244283.52,N,SP19
S0321,2024-01-18,Sout,P012,74,1901.97,0.07,140745.78,140745.78,Y,SP19
S0322,2024-10-18,Nrth,P025,82,USD 4387.63,26%,359785.66,266241.39,N,SP13
S0323,2024-12-03,West,P020,6,4694.72,4%,28168.32,27041.59,N,SP08
S0324,2024-13-45,Central,P027,68,4306.01,0.15,292808.68,292808.68,N,SP14
S0325,2024-10-07,East,P017,10,USD 364.94,0.09,3649.4,3649.4,N,SP13
S0326,2024-12-22,Nrth,P045,15,3378.23,11%,50673.45,45099.37,N,SP02
S0327,2024-10-09,North,P037,9,4345.83,,39112.47,39112.47,N,SP09
S0328,2024-12-05,Sout,P008,11,963.52,30%,10598.72,7419.1,N,SP13
S0329,2024-07-14,Sout,P021,18,4867.04,28%,87606.72,63076.84,N,SP05
S0330,2024-12-10,Nrth,P017,93,4690.57,20,436223.01,436223.01,N,SP10
S0331,2024-01-06,Central,P003,14,2607.88,0.17,36510.32,36510.32,N,SP10
S0332,2024-12-24,Sout,P026,-3,4247.66,5%,-12742.98,-12105.83,N,SP13
S0333,2024-12-02,Sout,P004,6,1467.27,5%,8803.62,8363.44,N,SP13
S0334,2024-10-25,South,P022,85,419.03,29,35617.55,35617.55,N,SP03
S0335,23-11-2024,Nrth,P030,69,4601.21,19%,317483.49,257161.63,N,SP03
S0336,2024-03-16,North,P002,24,USD 2880.86,0.13,69140.64,69140.64,N,SP17
S0337,2024-03-03,North,P007,68,2301.94,18,156531.92,156531.92,N,SP18
S0338,2024-12-25,East,P044,75,92.3,23,6922.5,6922.5,N,SP19
S0339,2024-12-16,West,P021,6,1272.09,7%,7632.54,7098.26,N,SP14
S0340,2024-08-22,South,P007,32,1588.08,0.22,50818.56,50818.56,N,SP11
S0341,2024-12-18,Central,P049,57,1317.32,0.23,75087.24,75087.24,N,SP12
S0342,2024-12-10,East,P048,93,1987.76,0.12,184861.68,184861.68,N,SP04
S0343,2024-08-01,Sout,P024,-1,4212.13,27,-4212.13,-4212.13,N,SP17
S0344,2024-12-10,East,P015,-7,USD 3173.05,23,-22211.35,-22211.35,N,SP10
S0345,2024-13-45,Central,P026,88,272.77,9,24003.76,24003.76,N,SP16
S0346,2024-01-02,South,P024,37,3218.76,,119094.12,119094.12,N,SP03
S0347,2024-12-07,Sout,P013,84,USD 2818.72,0.16,236772.48,236772.48,N,SP17
S0348,2024-09-18,East,P028,4,2099.89,0.23,8399.56,8399.56,N,SP08
S0349,2024-11-19,North,P009,11,356.06,20%,3916.66,3133.33,N,SP10
S0350,2024-10-15,Sout,P029,100,$3174.36,2%,476154.0,466630.92,N,SP03
S0351,2024-04-14,North,P032,91,288.98,19%,26297.18,21300.72,N,SP13
S0352,2024-05-01,North,P032,53,4060.12,7,322779.54,322779.54,N,SP08
S0353,2024-11-19,Nrth,P002,27,4162.7,0.2,112392.9,112392.9,N,SP10
S0354,2024-04-21,West,P029,27,$985.86,0.26,26618.22,26618.22,N,SP19
S0355,2024-12-16,Central,P022,56,3328.18,24%,186378.08,141647.34,N,SP16
S0356,2024-01-22,West,P021,10,2131.03,0.24,21310.3,21310.3,N,SP12
S0357,2024-10-12,Central,P039,69,2441.92,9%,168492.48,153328.16,N,SP17
S0358,2024-12-16,Sout,P012,35,$3941.44,27,137950.4,137950.4,N,SP09
S0359,2024-13-45,Central,P009,16,3078.79,29,49260.64,49260.64,N,SP05
S0360,2024-01-28,East,P028,94,$2348.40,16%,220749.6,185429.66,N,SP16
S0361,2024-08-09,Central,P005,95,1628.03,0.27,154662.85,154662.85,N,SP19
S0362,2024-10-08,West,P004,86,2874.7,0.25,247224.2,247224.2,N,SP12
S0363,2024-11-16,Central,P007,10,3353.34,0.12,33533.4,33533.4,N,SP03
S0364,2024-08-14,South,P003,70,402.57,0.18,28179.9,28179.9,N,SP15
S0365,2024-05-17,Central,P044,33,644.89,6%,21281.37,20004.49,N,SP09
S0366,2024-07-15,South,P005,9,2699.8,13%,24298.2,21139.43,N,SP20
S0367,2024-02-08,Sout,P017,10,4948.76,9,49487.6,49487.6,N,SP05
S0368,2024-11-26,West,P005,46,2005.79,15,92266.34,92266.34,N,SP17
S0369,2024-11-07,Central,P020,76,2616.83,0.18,298318.62,298318.62,N,SP11
S0370,2024-10-22,Sout,P035,24,1686.92,24%,40486.08,30769.42,N,SP05
S0371,2024-08-13,North,P015,70,301.2,19%,21084.0,17078.04,N,SP05
S0372,2024-08-08,North,P007,79,3391.38,0.02,267919.02,267919.02,N,SP20
S0373,2024-10-05,North,P047,99,USD 156.98,18%,15541.02,12743.64,N,SP15
S0374,2024-10-05,Sout,P029,73,3904.45,20%,285024.85,228019.88,N,SP17
S0375,2024-11-21,North,P020,94,$1473.34,0.26,138493.96,138493.96,N,SP04
S0376,2024-11-05,Central,P049,5,2157.12,0.26,10785.6,10785.6,N,SP15
S0377,2024-06-05,Central,P029,52,3335.43,26%,173442.36,128347.35,N,SP10
S0378,14-07-2024,Sout,P006,61,2858.06,0.07,174341.66,174341.66,Y,SP08
S0379,2024-02-12,South,P042,25,2187.11,3%,54677.75,53037.42,N,SP16
S0380,2024-12-11,Sout,P038,83,$345.21,0.02,28652.43,28652.43,N,SP01
S0381,2024-03-10,East,P050,73,258.42,8,18864.66,18864.66,N,SP01
S0382,2024-11-08,North,P045,13,1388.74,13%,18053.62,15706.65,N,SP01
S0383,2024-11-07,North,P013,68,$19.04,6%,1942.08,1825.56,N,SP16
S0384,2024-11-14,Nrth,P042,83,USD 4717.98,0.29,391592.34,391592.34,N,SP11
S0385,2024-11-28,West,P029,12,USD 4226.75,7,50721.0,50721.0,N,SP14
S0386,2024-02-04,West,P029,34,260.14,0.19,8844.76,8844.76,N,SP03
S0387,2024-10-05,West,P032,40,3453.56,25,138142.4,138142.4,Y,SP14
S0388,2024-05-08,Sout,P040,94,3606.21,,338983.74,338983.74,Y,SP04
S0389,2024-02-10,Sout,P010,50,3301.88,0.1,165094.0,165094.0,N,SP16
S0390,2024-11-03,Sout,P034,-6,2706.31,24%,-16237.86,-12340.77,N,SP13
S0391,12/20/2024,West,P044,58,2697.14,16%,156434.12,131404.66,N,SP14
S0392,08-12-2024,East,P007,32,1015.78,16%,32504.96,27304.17,N,SP17
S0393,2024-11-03,Central,P031,96,4911.82,0.01,471534.72,471534.72,N,SP10
S0394,2024-11-07,South,P034,60,2739.27,0.11,164356.2,164356.2,N,SP02
S0395,10/26/2024,South,P047,24,4825.42,,115810.08,115810.08,N,SP07
S0396,2024-10-06,West,P012,14,4509.73,5%,63136.22,59979.41,N,SP04
S0397,2024-12-21,Nrth,P008,60,3826.64,16,229598.4,229598.4,N,SP15
S0398,11/08/2024,Sout,P033,33,206.46,24%,6813.18,5178.02,N,SP07
S0399,2024-12-10,North,P030,23,2005.09,0.22,46117.07,46117.07,N,SP04
S0400,03/28/2024,West,P010,91,2544.48,29,231547.68,231547.68,N,SP07
S0401,2024-08-20,Nrth,P015,20,1882.18,25%,37643.6,28232.7,N,SP12
S0402,2024-12-19,Sout,P036,66,3770.63,0.16,248861.58,248861.58,N,SP05
S0403,2024-13-45,Sout,P009,88,3815.98,0.1,335806.24,335806.24,N,SP20
S0404,2024-12-12,South,P033,10,443.74,20%,4437.4,3549.92,N,SP02
S0405,2024-11-14,East,P009,94,1831.08,26%,172121.52,127369.92,N,SP16
S0406,2024-12-10,North,P021,49,4261.67,0.22,208821.83,208821.83,N,SP18
S0407,2024-11-23,Nrth,P007,8,$3883.42,26%,31067.36,22989.85,N,SP11
S0408,2024-11-13,West,P028,70,$2962.31,0.15,207361.7,207361.7,N,SP11
S0409,2024-04-06,North,P004,13,1963.64,0.04,38290.98,38290.98,N,SP15
S0410,2024-12-04,Nrth,P042,79,1246.57,14%,98479.03,84691.97,N,SP06
S0411,2024-10-23,North,P008,79,2749.09,0.17,217178.11,217178.11,N,SP13
S0412,2024-10-05,Central,P024,30,4053.86,0.2,121615.8,121615.8,N,SP02
S0413,2024-11-07,Sout,P042,80,4886.66,0.02,390932.8,390932.8,N,SP07
S0414,2024-12-07,Central,P043,42,4868.39,29%,204472.38,145175.39,N,SP18
S0415,2024-09-28,North,P041,52,3919.75,0.17,203827.0,203827.0,N,SP18
S0416,2024-08-06,Central,P001,52,1071.94,0.05,55740.88,55740.88,N,SP16
S0417,2024-05-18,Sout,P016,8,1919.3,0.01,15354.4,15354.4,N,SP08
S0418,2024-12-03,North,P042,54,2098.18,25,113301.72,113301.72,N,SP15
S0419,2024-06-16,Central,P036,73,$1221.14,3%,133714.83,129703.39,N,SP08
S0420,2024-08-15,South,P036,59,2940.63,12%,173497.17,152677.51,N,SP14
S0421,2024-08-01,West,P038,33,USD 886.69,19%,29260.77,23701.22,N,SP01
S0422,2024-05-09,North,P041,34,152.46,7%,5183.64,4820.79,N,SP06
S0423,2024-03-01,North,P033,98,1803.46,0%,176739.08,176739.08,N,SP20
S0424,2024-09-19,North,P035,70,4825.83,0.19,337808.1,337808.1,N,SP07
S0425,2024-04-07,West,P027,21,2489.49,30%,52279.29,36595.5,N,SP09
S0426,12/12/2024,North,P011,49,4489.85,0.0,220002.65,220002.65,N,SP02
S0427,2024-12-04,East,P031,41,515.11,5%,21119.51,20063.53,N,SP08
S0428,2024-05-28,Nrth,P025,81,3505.14,21,283916.34,283916.34,N,SP19
S0429,2024-02-21,Central,P049,20,3549.77,20%,70995.4,56796.32,N,SP08
S0430,2024-06-19,West,P007,51,USD 3263.97,21,166462.47,166462.47,N,SP09
S0431,10/06/2024,South,P025,58,3350.00,0.16,194300.0,194300.0,N,SP16
S0432,2024-12-16,Central,P020,18,298.8,2,5378.4,5378.4,N,SP12
S0433,2024-07-07,South,P010,38,$3903.89,29%,148347.82,105326.95,N,SP14
S0434,2024-11-18,South,P017,67,$933.83,0.21,62566.61,62566.61,N,SP20
S0435,2024-08-16,South,P019,84,1086.91,27%,91300.44,66649.32,N,SP02
S0436,2024-11-21,Nrth,P038,98,$779.41,8,76382.18,76382.18,N,SP15
S0437,2024-04-14,West,P002,95,4466.54,0.26,424321.3,424321.3,N,SP10
S0438,2024-07-15,South,P032,44,4833.35,0.3,212667.4,212667.4,N,SP07
S0439,25-11-2024,South,P015,5,USD 2614.99,0.22,13074.95,13074.95,N,SP09
S0440,2024-11-24,Nrth,P039,42,4712.47,0.11,197923.74,197923.74,N,SP16
S0441,2024-12-07,Nrth,P034,28,2911.71,0.03,81527.88,81527.88,N,SP02
S0442,2024-11-27,West,P033,96,1645.91,26,158007.36,158007.36,N,SP15
S0443,2024-13-45,Sout,P007,82,2184.81,0.06,179154.42,179154.42,N,SP07
S0444,2024-11-02,West,P021,45,324.26,14%,14591.7,12548.86,N,SP11
S0445,2024-11-07,Nrth,P029,20,$218.15,0.24,4363.0,4363.0,N,SP20
S0446,2024-11-19,Nrth,P004,77,1053.33,3,81106.41,81106.41,N,SP14
S0447,2024-10-01,East,P032,67,2322.31,0.25,155594.77,155594.77,N,SP16
S0448,2024-11-11,North,P024,25,4423.94,0.22,110598.5,110598.5,N,SP05
S0449,2024-12-16,Central,P012,80,$2220.03,0.0,177602.4,177602.4,N,SP15
S0450,2024-01-28,North,P038,20,4350.26,9,87005.2,87005.2,N,SP15
S0451,2024-03-12,West,P050,62,USD 4464.60,7%,276805.2,257428.84,N,SP09
S0452,2024-08-09,West,P030,82,3850.69,0.25,315756.58,315756.58,N,SP09
S0453,2024-05-10,East,P045,12,323.94,4%,3887.28,3731.79,N,SP02
S0454,2024-09-26,Sout,P019,99,USD 4870.43,0.2,482172.57,482172.57,N,SP15
S0455,2024-01-13,Sout,P016,3,3781.76,23%,11345.28,8735.87,N,SP10
S0456,2024-10-06,Central,P024,92,$4853.71,,446541.32,446541.32,N,SP18
S0457,2024-12-25,Sout,P039,67,3616.78,26%,242324.26,179319.95,N,SP02
S0458,2024-12-01,East,P009,54,2951.24,0.27,159366.96,159366.96,N,SP19
S0459,2024-12-12,Sout,P031,86,3938.52,0,338712.72,338712.72,N,SP08
S0460,2024-12-02,Sout,P001,41,248.13,9%,10173.33,9257.73,N,SP11
S0461,24-11-2024,West,P003,99,USD 3157.82,0%,312624.18,312624.18,N,SP18
S0462,2024-12-05,Sout,P044,76,2509.69,2%,190736.44,186921.71,N,SP06
S0463,2024-07-17,West,P007,53,2461.7,0.14,130470.1,130470.1,N,SP09
S0464,2024-12-04,West,P006,13,1196.65,4,15556.45,15556.45,N,SP17
S0465,2024-12-24,Central,P026,71,948.99,0.08,67378.29,67378.29,N,SP02
S0466,2024-05-14,Nrth,P007,62,4914.73,0.02,304713.26,304713.26,N,SP05
S0467,2024-02-22,Central,P002,60,1876.92,0.05,112615.2,112615.2,N,SP17
S0468,2024-12-25,Central,P046,85,$62.25,6%,7936.88,7460.66,Y,SP16
S0469,2024-10-04,North,P017,12,1520.93,0.08,18251.16,18251.16,N,SP19
S0470,2024-04-13,Central,P026,79,3687.45,3,291308.55,291308.55,N,SP08
S0471,2024-11-20,Sout,P005,74,2068.67,0.14,153081.58,153081.58,N,SP01
S0472,2024-05-04,Central,P019,80,4760.03,0.29,380802.4,380802.4,N,SP09
S0473,2024-12-17,Sout,P025,73,4079.75,0.27,297821.75,297821.75,N,SP19
S0474,2024-12-22,Sout,P005,38,3382.92,0,192826.44,192826.44,N,SP03
S0475,2024-08-09,Sout,P029,99,4617.67,14,457149.33,457149.33,N,SP02
S0476,2024-10-19,Nrth,P049,56,4767.00,11%,266952.0,237587.28,N,SP03
S0477,2024-11-18,West,P022,62,2589.49,7%,160548.38,149309.99,N,SP12
S0478,2024-12-15,Sout,P026,6,203.58,19%,1221.48,989.4,N,SP19
S0479,2024-11-17,East,P014,59,3046.46,0.2,179741.14,179741.14,N,SP19
S0480,2024-08-22,West,P015,95,4576.93,15%,434808.35,369587.1,N,SP20
S0481,2024-08-09,West,P004,41,USD 229.65,0.11,9415.65,9415.65,N,SP18
S0482,2024-08-26,Central,P047,33,3078.21,20,101580.93,101580.93,N,SP12
S0483,2024-11-02,Sout,P011,50,2737.31,0.04,136865.5,136865.5,N,SP19
S0484,2024-09-10,South,P043,8,3023.78,0.25,24190.24,24190.24,N,SP03
S0485,2024-12-25,North,P043,58,2624.41,0.12,152215.78,152215.78,N,SP12
S0486,2024-07-06,Sout,P027,54,2179.12,,117672.48,117672.48,N,SP01
S0487,2024-13-45,South,P021,99,1146.62,0.3,113515.38,113515.38,N,SP05
S0488,2024-12-05,North,P011,31,3968.37,20%,123019.47,98415.58,N,SP17
S0489,2024-10-11,Nrth,P050,100,3920.44,0.22,588066.0,588066.0,N,SP15
S0490,2024-11-05,Nrth,P018,12,2171.11,30%,26053.32,18237.32,N,SP17
S0491,2024-11-26,Sout,P022,84,1517.98,1,127510.32,127510.32,N,SP04
S0492,2024-09-02,South,P006,48,1542.33,19%,74031.84,59965.79,N,SP16
S0493,2024-07-05,Nrth,P037,10,2328.37,20,23283.7,23283.7,N,SP14
S0494,2024-12-25,Sout,P045,3,USD 2407.81,0.07,7223.43,7223.43,N,SP17
S0495,2024-02-25,West,P022,22,185.49,0.2,4080.78,4080.78,N,SP11
S0496,2024-11-24,Nrth,P049,3,623.03,16,1869.09,1869.09,N,SP10
S0497,2024-12-21,Central,P003,94,271.81,,25550.14,25550.14,N,SP09
S0498,2024-05-11,Nrth,P035,51,4838.95,19,246786.45,246786.45,N,SP09
S0499,2024-12-26,North,P010,56,1661.58,,93048.48,93048.48,N,SP01
S0500,2024-11-14,East,P023,33,2912.73,0.24,96120.09,96120.09,N,SP08
S0501,2024-11-04,East,P015,19,3903.73,0.29,74170.87,74170.87,N,SP05
S0502,2024-09-24,West,P013,97,1470.32,0.03,142621.04,142621.04,N,SP16
S0503,2024-11-16,Nrth,P049,22,628.59,0.08,13828.98,13828.98,N,SP06
S0504,2024-11-20,Central,P030,78,2241.99,23%,174875.22,134653.92,N,SP02
S0505,2024-11-12,West,P021,47,3818.97,21%,179491.59,141798.36,N,SP05
S0506,26-01-2024,Sout,P008,48,2113.23,28%,101435.04,73033.23,N,SP10
S0507,2024-12-10,East,P012,22,4414.83,0.09,97126.26,97126.26,N,SP06
S0508,2024-06-16,East,P003,48,1896.36,11%,91025.28,81012.5,N,SP02
S0509,2024-12-23,Central,P027,7,4483.72,,31386.04,31386.04,N,SP08
S0510,2024-08-06,Nrth,P003,20,4093.32,25%,81866.4,61399.8,N,SP18
S0511,2024-02-21,Central,P044,11,$2332.82,4%,25661.02,24634.58,Y,SP12
S0512,2024-01-05,Nrth,P036,64,575.65,,36841.6,36841.6,N,SP07
S0513,01-11-2024,South,P034,42,3785.31,23%,158983.02,122416.93,N,SP06
S0514,2024-12-20,North,P039,35,2697.57,0.15,141622.43,141622.43,N,SP07
S0515,2024-10-27,North,P023,67,2914.39,2%,195264.13,191358.85,N,SP05
S0516,2024-11-24,North,P050,33,4735.07,19,156257.31,156257.31,N,SP03
S0517,2024-10-26,West,P031,37,1363.97,21%,50466.89,39868.84,N,SP06
S0518,2024-11-11,South,P025,-7,USD 2029.08,0.12,-14203.56,-14203.56,N,SP15
S0519,2024-03-15,Nrth,P043,57,2790.86,9%,238618.53,217142.86,N,SP09
S0520,2024-08-27,Nrth,P016,27,1893.52,0.12,51125.04,51125.04,N,SP05
S0521,2024-09-19,South,P034,74,4594.78,,340013.72,340013.72,N,SP10
S0522,2024-09-19,East,P023,92,1548.97,0.26,142505.24,142505.24,N,SP06
S0523,2024-12-17,South,P034,58,2303.87,18,133624.46,133624.46,N,SP10
S0524,2024-07-17,North,P031,64,3040.88,14%,194616.32,167370.04,N,SP01
S0525,2024-11-23,West,P050,62,980.3,18%,60778.6,49838.45,Y,SP14
S0526,2024-12-19,East,P044,76,3129.39,0.2,237833.64,237833.64,N,SP14
S0527,2024-13-45,South,P041,49,3695.86,20,181097.14,181097.14,Y,SP09
S0528,2024-12-02,Sout,P048,62,1080.03,0.23,66961.86,66961.86,N,SP06
S0529,2024-11-27,Sout,P001,80,$2865.55,0.03,229244.0,229244.0,N,SP12
S0530,2024-10-23,South,P029,80,1451.55,1%,116124.0,114962.76,Y,SP08
S0531,2024-05-18,West,P012,92,852.06,25%,78389.52,58792.14,N,SP20
S0532,2024-02-03,Sout,P005,-6,1095.62,28%,-6573.72,-4733.08,N,SP19
S0533,2024-10-18,East,P029,24,USD 4245.66,26%,101895.84,75402.92,N,SP20
S0534,2024-04-25,East,P038,77,3694.64,,284487.28,284487.28,N,SP11
S0535,2024-06-01,Central,P006,47,206.54,0.11,9707.38,9707.38,N,SP18
S0536,2024-10-22,West,P026,87,2045.54,2%,177961.98,174402.74,N,SP08
S0537,2024-07-09,Sout,P044,87,3481.9,7%,302925.3,281720.53,N,SP18
S0538,2024-10-23,Nrth,P045,58,921.23,0.05,53431.34,53431.34,N,SP05
S0539,2024-09-22,Central,P016,72,4504.1,21%,324295.2,256193.21,N,SP10
S0540,03-10-2024,Sout,P017,76,1340.81,9,101901.56,101901.56,N,SP03
S0541,2024-03-15,Sout,P046,77,4936.17,5%,380085.09,361080.84,N,SP06
S0542,2024-04-06,Sout,P031,69,$4180.96,0.15,288486.24,288486.24,N,SP14
S0543,2024-10-13,Central,P041,-8,2376.52,0.18,-19012.16,-19012.16,N,SP16
S0544,2024-01-24,West,P043,32,3460.87,0.15,166121.76,166121.76,N,SP03
S0545,2024-10-17,West,P038,52,563.86,9,29320.72,29320.72,Y,SP20
S0546,2024-02-27,East,P046,13,130.94,28%,1702.22,1225.6,N,SP10
S0547,2024-10-05,Central,P031,46,3815.41,,175508.86,175508.86,N,SP11
S0548,2024-13-45,Nrth,P041,85,$4479.97,18,380797.45,380797.45,N,SP09
S0549,2024-12-23,Central,P022,81,USD 3616.09,25%,292903.29,219677.47,N,SP17
S0550,2024-12-05,West,P001,-4,1315.71,0.21,-5262.84,-5262.84,N,SP13
S0551,2024-10-23,South,P031,33,$2156.51,19%,71164.83,57643.51,N,SP06
S0552,2024-02-10,Sout,P019,25,3559.63,0.16,88990.75,88990.75,N,SP16
S0553,2024-12-21,South,P039,11,USD 1510.78,0.23,24927.87,24927.87,N,SP18
S0554,2024-10-05,Sout,P027,89,4595.69,18%,409016.41,335393.46,N,SP20
S0555,2024-08-07,East,P041,28,1468.34,0.22,41113.52,41113.52,N,SP03
S0556,2024-03-11,South,P009,68,1749.61,0.17,118973.48,118973.48,N,SP11
S0557,2024-10-06,Central,P033,12,2983.99,0.21,53711.82,53711.82,N,SP20
S0558,2024-10-23,Central,P032,-1,2395.17,14%,-2395.17,-2059.85,N,SP06
S0559,2024-12-06,Central,P018,91,4061.45,29,369591.95,369591.95,N,SP15
S0560,2024-10-25,Nrth,P021,74,2014.25,0.24,149054.5,149054.5,N,SP16
S0561,2024-08-01,East,P004,60,1294.17,0.09,77650.2,77650.2,N,SP04
S0562,2024-11-14,South,P005,47,536.0,0.1,25192.0,25192.0,N,SP19
S0563,2024-10-17,Sout,P006,80,2067.89,24%,248146.8,188591.57,N,SP19
S0564,2024-06-10,North,P020,70,3075.58,14%,322935.9,277724.87,N,SP16
S0565,2024-04-07,South,P021,81,1858.05,0.26,150502.05,150502.05,N,SP20
S0566,22-09-2024,North,P019,33,4714.19,0.24,155568.27,155568.27,N,SP12
S0567,2024-03-23,East,P019,26,1612.86,0%,41934.36,41934.36,N,SP05
S0568,2024-01-10,West,P023,52,3083.97,25%,160366.44,120274.83,N,SP12
S0569,2024-05-08,West,P021,4,2332.25,5%,9329.0,8862.55,Y,SP07
S0570,2024-03-08,Nrth,P017,86,332.2,25,28569.2,28569.2,N,SP18
S0571,2024-01-04,Nrth,P013,67,4751.07,0.21,318321.69,318321.69,N,SP01
S0572,2024-07-13,East,P012,41,2160.67,,88587.47,88587.47,N,SP06
S0573,2024-03-12,South,P017,3,3948.73,0.06,11846.19,11846.19,N,SP07
S0574,2024-12-26,East,P023,93,4283.82,,398395.26,398395.26,N,SP06
S0575,2024-12-25,Nrth,P049,47,3146.57,,147888.79,147888.79,N,SP17
S0576,2024-04-07,Sout,P035,75,4318.94,0.18,323920.5,323920.5,N,SP20
S0577,2024-01-10,East,P019,37,USD 2967.12,26%,109783.44,81239.75,N,SP02
S0578,2024-12-04,Sout,P019,31,610.85,0.23,18936.35,18936.35,N,SP16
S0579,2024-11-12,Nrth,P021,45,1134.42,0.03,51048.9,51048.9,N,SP10
S0580,2024-09-23,South,P004,79,4323.17,5%,341530.43,324453.91,Y,SP07
S0581,2024-03-05,East,P037,77,4665.73,6%,359261.21,337705.54,N,SP01
S0582,2024-10-04,Central,P002,24,USD 4371.93,0.04,104926.32,104926.32,N,SP20
S0583,2024-12-28,North,P044,68,2946.15,16,200338.2,200338.2,N,SP06
S0584,2024-13-45,Sout,P014,73,$2473.91,3%,180595.43,175177.57,N,SP16
S0585,2024-09-28,East,P026,87,569.89,8,49580.43,49580.43,N,SP07
S0586,2024-05-26,North,P014,63,2660.59,0.29,251425.76,251425.76,N,SP01
S0587,2024-12-22,South,P029,73,1385.13,0.25,101114.49,101114.49,N,SP11
S0588,2024-02-15,Central,P010,33,3899.63,21,128687.79,128687.79,N,SP17
S0589,2024-09-25,South,P029,58,2092.67,7%,121374.86,112878.62,N,SP02
S0590,2024-11-06,East,P050,15,1865.7,15,27985.5,27985.5,N,SP18
S0591,2024-12-06,South,P025,93,1366.63,,127096.59,127096.59,N,SP11
S0592,2024-04-15,East,P015,65,870.85,14%,56605.25,48680.51,N,SP05
S0593,2024-12-03,East,P008,78,4224.58,1,494275.86,494275.86,N,SP04
S0594,2024-10-04,East,P016,80,728.26,0.24,58260.8,58260.8,N,SP15
S0595,2024-10-01,East,P023,73,2529.23,0.17,184633.79,184633.79,N,SP15
S0596,2024-06-14,West,P039,7,USD 1377.43,0%,9642.01,9642.01,N,SP06
S0597,2024-12-16,North,P027,30,4540.05,3,136201.5,136201.5,N,SP07
S0598,2024-12-26,West,P033,72,4186.05,17%,301395.6,250158.35,N,SP10
S0599,2024-06-10,West,P020,40,$2664.42,12,106576.8,106576.8,N,SP04
S0600,2024-08-28,Central,P027,1,3479.86,8,3479.86,3479.86,N,SP20
S0601,2024-11-06,West,P038,89,1164.05,27,103600.45,103600.45,N,SP08
S0602,2024-03-13,South,P016,42,2489.72,7%,104568.24,97248.46,N,SP06
S0603,2024-03-19,Nrth,P026,5,4455.99,10%,22279.95,20051.95,N,SP03
S0604,2024-10-26,North,P033,95,337.74,6%,48127.95,45240.27,N,SP10
S0605,2024-09-17,North,P028,12,1366.5,21%,16398.0,12954.42,N,SP20
S0606,2024-11-21,Central,P042,83,USD 1655.30,0.17,137389.9,137389.9,N,SP08
S0607,2024-11-10,Central,P046,53,4590.97,0.16,243321.41,243321.41,N,SP10
S0608,03/12/2024,West,P014,72,3521.38,16,253539.36,253539.36,N,SP16
S0609,2024-01-11,West,P033,-9,4423.94,10,-39815.46,-39815.46,N,SP15
S0610,2024-11-18,Nrth,P012,52,USD 2875.57,2,149529.64,149529.64,N,SP20
S0611,2024-08-14,Central,P035,9,1310.39,6,11793.51,11793.51,N,SP09
S0612,2024-05-22,North,P043,29,2412.38,28,104938.53,104938.53,N,SP19
S0613,2024-11-06,Sout,P045,55,2779.26,4%,152859.3,146744.93,N,SP06
S0614,2024-01-17,Central,P015,94,188.76,15%,17743.44,15081.92,N,SP09
S0615,2024-06-28,North,P013,91,177.53,2%,24232.85,23748.19,N,SP20
S0616,2024-11-26,Sout,P037,-3,USD 2924.31,2,-8772.93,-8772.93,Y,SP16
S0617,2024-11-26,Central,P007,93,569.94,0.15,53004.42,53004.42,N,SP12
S0618,2024-10-02,East,P027,59,3569.75,7,210615.25,210615.25,N,SP06
S0619,2024-07-06,North,P003,83,4069.90,18,337801.7,337801.7,N,SP05
S0620,2024-12-01,South,P018,48,4316.71,0.17,207202.08,207202.08,N,SP08
S0621,2024-08-22,North,P025,87,1073.55,0.13,93398.85,93398.85,N,SP04
S0622,2024-05-18,North,P028,26,$1795.79,,46690.54,46690.54,N,SP01
S0623,2024-13-45,East,P036,58,3835.55,19%,222461.9,180194.14,N,SP06
S0624,2024-10-04,Nrth,P045,97,2582.66,0.08,250518.02,250518.02,N,SP07
S0625,2024-02-19,Nrth,P032,99,$3552.75,1%,351722.25,348205.03,N,SP12
S0626,2024-12-26,North,P029,99,513.55,0.23,50841.45,50841.45,N,SP03
S0627,2024-12-23,Central,P024,18,342.81,19%,6170.58,4998.17,N,SP17
S0628,2024-12-11,East,P046,-9,3408.44,12%,-30675.96,-26994.84,N,SP16
S0629,2024-01-14,Sout,P043,27,2531.59,28%,68352.93,49214.11,N,SP16
S0630,2024-01-08,South,P046,20,3809.61,0.1,114288.3,114288.3,N,SP05
S0631,2024-05-13,South,P002,53,1516.29,18%,80363.37,65897.96,N,SP19
S0632,2024-12-13,Central,P047,51,3255.86,16,166048.86,166048.86,N,SP02
S0633,2024-11-26,East,P006,15,3151.79,0.19,47276.85,47276.85,N,SP13
S0634,2024-11-14,Nrth,P022,99,1537.54,0.14,152216.46,152216.46,N,SP04
S0635,2024-04-16,Sout,P043,98,$3909.64,21%,383144.72,302684.33,N,SP14
S0636,12/10/2024,Central,P006,31,4883.00,12,227059.5,227059.5,N,SP09
S0637,2024-03-19,Nrth,P024,89,205.12,0.2,18255.68,18255.68,N,SP10
S0638,2024-09-02,Central,P043,24,$2103.82,13%,50491.68,43927.76,N,SP16
S0639,2024-12-07,West,P049,64,USD 4757.42,5%,304474.88,289251.14,N,SP17
S0640,2024-11-05,Sout,P050,49,532.55,28%,26094.95,18788.36,N,SP04
S0641,2024-12-03,Central,P044,40,1365.89,30%,54635.6,38244.92,N,SP05
S0642,2024-08-13,Nrth,P005,73,2392.75,20%,174670.75,139736.6,N,SP15
S0643,2024-04-20,North,P020,98,2812.44,0.26,275619.12,275619.12,N,SP07
S0644,2024-10-23,Sout,P028,2,4416.42,15%,8832.84,7507.91,Y,SP10
S0645,2024-10-23,West,P033,51,3862.75,0.09,295500.38,295500.38,N,SP05
S0646,2024-06-12,North,P041,63,USD 1339.29,5,84375.27,84375.27,N,SP18
S0647,08-10-2024,West,P012,59,USD 2507.09,8,147918.31,147918.31,N,SP13
S0648,2024-03-10,Nrth,P042,25,4528.6,0.16,113215.0,113215.0,N,SP09
S0649,2024-06-16,West,P041,94,2465.96,26%,231800.24,171532.18,N,SP16
S0650,2024-12-18,North,P028,47,4484.31,0.03,210762.57,210762.57,N,SP19
S0651,2024-12-21,Central,P021,88,$1941.77,29%,170875.76,121321.79,N,SP17
S0652,2024-12-10,Nrth,P023,36,$1955.28,0.11,70390.08,70390.08,N,SP16
S0653,2024-04-18,East,P036,15,1558.76,10%,35072.1,31564.89,N,SP02
S0654,2024-12-16,West,P002,43,USD 219.40,6%,9434.2,8868.15,N,SP20
S0655,2024-12-07,North,P047,51,389.08,0.27,19843.08,19843.08,N,SP03
S0656,2024-12-16,North,P040,36,4901.68,,176460.48,176460.48,N,SP10
S0657,2024-03-27,South,P010,17,USD 2692.31,9%,45769.27,41650.04,N,SP18
S0658,2024-12-28,South,P006,78,2188.9,25%,170734.2,128050.65,N,SP18
S0659,2024-12-19,Nrth,P049,27,USD 1474.40,0.05,39808.8,39808.8,N,SP15
S0660,2024-12-02,Nrth,P005,41,2853.16,0.16,116979.56,116979.56,N,SP06
S0661,2024-13-45,North,P020,60,3227.07,0.03,193624.2,193624.2,Y,SP07
S0662,2024-11-18,East,P048,5,4921.17,10,24605.85,24605.85,N,SP14
S0663,2024-11-28,Central,P018,-7,4112.41,0.02,-28786.87,-28786.87,N,SP10
S0664,2024-10-16,Central,P026,59,3946.42,3%,232838.78,225853.62,Y,SP04
S0665,03/24/2024,North,P030,31,4875.4,16,151137.4,151137.4,N,SP19
S0666,2024-10-05,North,P039,91,4870.68,19,443231.88,443231.88,N,SP02
S0667,2024-11-06,East,P007,76,2594.25,24%,197163.0,149843.88,N,SP08
S0668,2024-10-01,Sout,P001,3,344.1,16%,1032.3,867.13,N,SP04
S0669,2024-10-22,Nrth,P031,24,4816.76,15,115602.24,115602.24,N,SP01
S0670,2024-09-05,Nrth,P022,75,2817.73,29,211329.75,211329.75,N,SP15
S0671,2024-05-08,North,P013,35,$969.18,11%,33921.3,30189.96,N,SP04
S0672,2024-01-08,South,P022,36,4476.68,15%,241740.72,205479.61,N,SP03
S0673,2024-02-16,Nrth,P005,72,1500.68,17%,108048.96,89680.64,Y,SP10
S0674,2024-10-15,Sout,P046,97,3581.44,29%,347399.68,246653.77,N,SP18
S0675,2024-07-27,Central,P011,76,USD 3838.24,0%,291706.24,291706.24,N,SP18
S0676,2024-10-17,Nrth,P026,14,4639.01,0.01,64946.14,64946.14,Y,SP15
S0677,2024-11-19,South,P032,-5,3306.16,9%,-16530.8,-15043.03,N,SP16
S0678,2024-08-05,South,P001,95,934.66,26,88792.7,88792.7,N,SP05
S0679,2024-12-19,North,P034,42,1741.88,9%,73158.96,66574.65,N,SP15
S0680,2024-02-28,Nrth,P046,92,2091.24,18%,192394.08,157763.15,N,SP17
S0681,2024-11-18,South,P050,-6,828.99,0.0,-4973.94,-4973.94,N,SP18
S0682,07/14/2024,West,P013,27,USD 1778.81,19%,48027.87,38902.57,N,SP10
S0683,2024-05-06,Sout,P032,66,$2949.54,7%,194669.64,181042.77,N,SP08
S0684,2024-07-07,East,P014,28,3913.39,15,109574.92,109574.92,N,SP06
S0685,2024-08-22,Sout,P044,81,USD 1971.87,0.23,159721.47,159721.47,N,SP10
S0686,2024-12-21,Central,P008,-1,USD 3919.54,10%,-3919.54,-3527.59,N,SP19
S0687,2024-11-26,South,P017,20,2961.51,20%,59230.2,47384.16,Y,SP07
S0688,26-12-2024,Central,P026,18,2163.6,8%,38944.8,35829.22,N,SP09
S0689,2024-13-45,Central,P029,49,2616.82,6%,128224.18,120530.73,N,SP03
S0690,2024-10-27,Central,P004,76,1585.58,15%,120504.08,102428.47,Y,SP07
S0691,2024-08-19,Nrth,P043,69,3670.09,0.26,253236.21,253236.21,N,SP05
S0692,2024-02-26,North,P034,27,1285.34,,34704.18,34704.18,N,SP12
S0693,2024-03-03,Sout,P045,84,$852.04,12%,71571.36,62982.8,N,SP01
S0694,2024-04-10,West,P050,61,USD 3619.91,0.13,220814.51,220814.51,N,SP09
S0695,2024-08-17,Central,P007,6,1529.08,22%,9174.48,7156.09,N,SP11
S0696,2024-03-25,Nrth,P035,58,2249.77,0.18,130486.66,130486.66,N,SP09
S0697,2024-03-22,North,P023,97,184.24,0.09,17871.28,17871.28,N,SP18
S0698,2024-10-06,Sout,P033,61,2498.65,19%,152417.65,123458.3,N,SP07
S0699,2024-01-06,South,P029,20,294.57,21%,5891.4,4654.21,N,SP07
S0700,2024-12-22,South,P035,39,USD 1912.05,0.27,74569.95,74569.95,N,SP04
S0701,2024-11-23,South,P043,89,USD 1868.22,5%,166271.58,157958.0,N,SP14
S0702,2024-12-01,North,P030,44,292.5,0.13,12870.0,12870.0,N,SP13
S0703,2024-03-27,East,P010,31,3513.22,2,108909.82,108909.82,N,SP02
S0704,2024-03-15,South,P001,30,25.0,28,750.0,750.0,N,SP01
S0705,2024-10-19,Central,P045,10,USD 813.45,6,8134.5,8134.5,N,SP15
S0706,2024-01-28,Central,P006,62,2444.77,0.03,151575.74,151575.74,N,SP03
S0707,25-11-2024,East,P006,5,$4773.16,25%,23865.8,17899.35,N,SP10
S0708,2024-12-18,South,P016,66,4707.30,11%,310681.8,276506.8,N,SP08
S0709,2024-04-12,Sout,P041,55,2546.35,17%,140049.25,116240.88,N,SP07
S0710,2024-12-02,West,P033,58,USD 4569.66,23,265040.28,265040.28,N,SP09
S0711,2024-07-03,Sout,P044,61,2279.68,6%,208590.72,196075.28,N,SP08
S0712,2024-04-08,East,P007,88,4920.15,16%,432973.2,363697.49,N,SP06
S0713,2024-12-20,Nrth,P034,37,4903.75,1%,181438.75,179624.36,N,SP14
S0714,2024-10-23,Nrth,P004,95,2903.70,17%,275851.5,228956.74,N,SP06
S0715,2024-11-23,Nrth,P038,32,847.97,0.04,27135.04,27135.04,N,SP15
S0716,2024-12-22,North,P015,22,1536.18,24%,33795.96,25684.93,N,SP12
S0717,2024-06-04,Central,P042,68,370.95,11%,25224.6,22449.89,N,SP02
S0718,2024-08-19,South,P037,74,2934.9,3%,217182.6,210667.12,N,SP20
S0719,2024-07-21,West,P009,52,2133.51,29%,110942.52,78769.19,N,SP13
S0720,2024-02-25,Nrth,P029,41,1013.65,0.02,41559.65,41559.65,N,SP07
S0721,2024-11-04,Nrth,P015,89,3801.51,0.21,338334.39,338334.39,N,SP20
S0722,2024-03-13,South,P033,60,2605.38,2%,156322.8,153196.34,N,SP07
S0723,2024-13-45,East,P036,45,1285.33,23,57839.85,57839.85,N,SP06
S0724,2024-05-20,Nrth,P033,65,1794.26,6,116626.9,116626.9,N,SP16
S0725,2024-09-02,East,P005,38,383.34,0%,14566.92,14566.92,N,SP03
S0726,2024-12-02,North,P021,74,163.0,0.3,12062.0,12062.0,N,SP07
S0727,2024-07-05,Central,P042,21,1196.14,15,25118.94,25118.94,N,SP11
S0728,2024-13-45,East,P001,90,3870.36,0.08,348332.4,348332.4,N,SP13
S0729,2024-10-17,North,P017,96,4047.89,0.27,388597.44,388597.44,N,SP11
S0730,2024-06-17,North,P024,20,$1368.08,21%,27361.6,21615.66,N,SP19
S0731,2024-11-25,Nrth,P033,98,2997.5,0.09,293755.0,293755.0,N,SP17
S0732,2024-06-24,South,P036,93,307.12,,28562.16,28562.16,N,SP17
S0733,2024-06-09,North,P024,58,USD 840.57,0.05,48753.06,48753.06,Y,SP08
S0734,2024-04-10,Central,P009,-4,1931.35,0.1,-7725.4,-7725.4,N,SP06
S0735,2024-01-02,Central,P034,39,1944.33,20,75828.87,75828.87,N,SP18
S0736,02/23/2024,South,P010,76,1442.48,29,109628.48,109628.48,Y,SP01
S0737,2024-05-20,Central,P031,35,USD 708.46,11%,24796.1,22068.53,N,SP20
S0738,2024-08-03,East,P010,57,3497.14,0.24,199336.98,199336.98,N,SP15
S0739,2024-01-11,Sout,P008,19,3598.69,15%,68375.11,58118.84,N,SP13
S0740,08-07-2024,North,P042,87,USD 3482.06,7%,302939.22,281733.47,N,SP05
S0741,2024-08-04,Nrth,P046,93,1658.08,0.01,154201.44,154201.44,N,SP15
S0742,2024-06-14,North,P048,96,2016.26,17,193560.96,193560.96,N,SP09
S0743,2024-13-45,Central,P037,76,1490.13,0.25,113249.88,113249.88,Y,SP04
S0744,2024-12-14,South,P050,17,4872.21,22,82827.57,82827.57,N,SP07
S0745,2024-12-19,South,P037,26,3183.89,5%,82781.14,78642.08,N,SP07
S0746,2024-12-28,North,P006,23,40.07,0.22,921.61,921.61,N,SP08
S0747,2024-02-01,Nrth,P004,47,1361.48,0.03,63989.56,63989.56,N,SP15
S0748,2024-01-06,Nrth,P050,33,1467.53,0.16,48428.49,48428.49,N,SP11
S0749,2024-11-25,North,P041,74,4857.24,,359435.76,359435.76,N,SP08
S0750,2024-11-04,West,P015,25,3027.42,0%,75685.5,75685.5,N,SP06
S0751,2024-10-22,North,P025,46,1667.39,0.11,76699.94,76699.94,N,SP19
S0752,2024-05-28,East,P003,9,2749.0,26,24741.0,24741.0,N,SP19
S0753,2024-01-03,North,P028,23,1705.40,0.15,39224.2,39224.2,N,SP07
S0754,2024-13-45,West,P047,20,$3501.32,0.03,70026.4,70026.4,N,SP13
S0755,2024-12-05,Nrth,P049,2,3826.4,0.15,7652.8,7652.8,N,SP01
S0756,22-07-2024,North,P033,39,4920.56,0.08,191901.84,191901.84,N,SP20
S0757,2024-11-06,South,P031,45,2978.54,13%,134034.3,116609.84,N,SP10
S0758,2024-11-18,West,P047,61,USD 3184.11,0.11,194230.71,194230.71,N,SP13
S0759,2024-05-23,South,P050,1,1596.98,6%,1596.98,1501.16,N,SP08
S0760,2024-12-21,East,P026,80,1163.6,0.13,93088.0,93088.0,N,SP04
S0761,11/17/2024,Central,P010,74,4465.93,0.01,330478.82,330478.82,N,SP20
S0762,06/28/2024,Sout,P015,31,4245.74,17%,131617.94,109242.89,N,SP04
S0763,2024-01-02,North,P037,3,$3134.55,8%,9403.65,8651.36,N,SP09
S0764,2024-09-17,Nrth,P048,91,3682.82,15%,335136.62,284866.13,N,SP12
S0765,2024-08-27,Sout,P033,87,USD 627.40,0.03,54583.8,54583.8,N,SP12
S0766,2024-11-25,North,P026,1,2520.67,0.21,2520.67,2520.67,N,SP05
S0767,2024-03-12,Central,P029,100,4505.06,20,450506.0,450506.0,N,SP19
S0768,2024-03-13,South,P050,83,1295.89,18,107558.87,107558.87,N,SP07
S0769,2024-06-06,Sout,P030,8,USD 2914.68,10%,23317.44,20985.7,N,SP04
S0770,2024-10-05,Sout,P045,69,USD 3741.05,0.0,258132.45,258132.45,N,SP01
S0771,2024-07-12,South,P014,1,$2775.35,16,2775.35,2775.35,Y,SP05
S0772,2024-11-04,South,P037,79,3471.41,13%,411362.09,357885.01,N,SP06
S0773,2024-10-28,South,P040,12,663.6,0.03,7963.2,7963.2,N,SP02
S0774,2024-01-04,West,P046,96,21.35,23,2049.6,2049.6,N,SP02
S0775,2024-04-08,Nrth,P022,52,2534.95,8,131817.4,131817.4,N,SP10
S0776,2024-09-14,Sout,P050,80,4520.6,0.19,361648.0,361648.0,N,SP15
S0777,2024-04-17,Central,P030,74,1031.91,22%,76361.34,59561.85,N,SP14
S0778,2024-12-03,Sout,P013,36,2528.44,0.08,91023.84,91023.84,N,SP14
S0779,2024-11-05,North,P011,58,2475.61,27%,143585.38,104817.33,N,SP09
S0780,2024-12-24,Nrth,P019,44,1777.7,17,78218.8,78218.8,N,SP03
S0781,2024-11-12,Central,P018,63,3813.09,13%,240224.67,208995.46,N,SP09
S0782,2024-03-13,West,P037,61,3943.5,,240553.5,240553.5,Y,SP13
S0783,2024-04-18,Sout,P032,12,3194.24,0.18,38330.88,38330.88,N,SP01
S0784,2024-04-04,North,P039,71,3282.34,0.2,233046.14,233046.14,N,SP16
S0785,2024-03-16,Nrth,P037,75,4706.8,2%,353010.0,345949.8,N,SP19
S0786,2024-02-12,Sout,P001,27,$1311.79,29%,35418.33,25147.01,N,SP02
S0787,2024-10-09,Nrth,P048,32,815.42,0.24,26093.44,26093.44,N,SP05
S0788,2024-07-18,Nrth,P044,5,1046.69,0.28,5233.45,5233.45,N,SP15
S0789,2024-12-25,West,P011,-8,373.9,0.04,-2991.2,-2991.2,N,SP13
S0790,2024-01-06,North,P027,86,3256.57,13%,280065.02,243656.57,N,SP14
S0791,2024-07-06,Sout,P031,53,4753.46,20,251933.38,251933.38,N,SP09
S0792,2024-10-21,North,P023,-8,1249.98,0.07,-9999.84,-9999.84,N,SP19
S0793,2024-10-18,North,P041,57,1543.35,0.06,87970.95,87970.95,N,SP07
S0794,2024-11-22,South,P026,24,154.98,25%,3719.52,2789.64,N,SP06
S0795,2024-12-15,Nrth,P044,99,1739.05,,172165.95,172165.95,N,SP18
S0796,2024-02-18,Sout,P023,38,4933.87,12%,187487.06,164988.61,N,SP15
S0797,2024-12-16,Central,P038,39,USD 3581.57,5%,139681.23,132697.17,N,SP10
S0798,2024-10-02,Sout,P023,64,USD 2221.71,0.12,142189.44,142189.44,N,SP05
S0799,2024-07-10,North,P048,50,1277.98,,63899.0,63899.0,N,SP07
S0800,2024-12-18,East,P030,47,3861.17,19%,181474.99,146994.74,N,SP16
S0801,2024-04-28,Central,P006,23,3447.26,2%,79286.98,77701.24,N,SP03
S0802,2024-04-04,South,P011,10,4123.85,0.05,41238.5,41238.5,Y,SP20
S0803,2024-12-12,Central,P036,49,$1079.04,0.1,52872.96,52872.96,N,SP17
S0804,2024-11-22,East,P033,84,4555.39,0.28,382652.76,382652.76,N,SP06
S0805,2024-12-20,West,P035,10,3006.75,,45101.25,45101.25,N,SP12
S0806,2024-10-19,Sout,P040,12,209.96,20,2519.52,2519.52,N,SP02
S0807,2024-07-28,East,P017,45,$2141.61,27%,96372.45,70351.89,N,SP16
S0808,2024-11-22,East,P030,-6,$967.33,0.03,-8705.97,-8705.97,N,SP02
S0809,21-10-2024,Sout,P019,96,4698.81,11,451085.76,451085.76,N,SP05
S0810,2024-11-22,East,P005,-5,4430.4,0.07,-22152.0,-22152.0,Y,SP05
S0811,2024-11-26,Central,P023,69,1032.57,3,106870.99,106870.99,N,SP14
S0812,2024-12-22,Central,P050,76,3352.67,0.14,254802.92,254802.92,N,SP03
S0813,2024-11-16,North,P048,84,USD 3797.13,30%,318958.92,223271.24,N,SP03
S0814,2024-12-03,West,P041,93,1727.94,0.23,160698.42,160698.42,N,SP08
S0815,2024-09-27,West,P002,26,653.12,15%,16981.12,14433.95,N,SP16
S0816,2024-04-10,West,P038,42,USD 4207.11,,176698.62,176698.62,N,SP09
S0817,2024-06-12,East,P012,29,2445.35,0.27,70915.15,70915.15,N,SP09
S0818,2024-12-16,West,P009,89,679.01,24%,60431.89,45928.24,N,SP06
S0819,2024-07-09,North,P004,76,896.84,0.16,68159.84,68159.84,N,SP16
S0820,2024-04-20,South,P047,50,4288.15,14%,214407.5,184390.45,N,SP17
S0821,2024-05-14,North,P004,48,207.64,8,9966.72,9966.72,N,SP04
S0822,2024-07-21,West,P027,97,3604.41,0.18,349627.77,349627.77,N,SP12
S0823,2024-12-11,Central,P009,37,1936.83,0%,71662.71,71662.71,N,SP09
S0824,2024-12-24,South,P049,72,2173.61,10,156499.92,156499.92,N,SP17
S0825,2024-11-09,East,P028,85,1570.02,28%,200177.55,144127.84,N,SP13
S0826,2024-11-07,South,P034,39,USD 3361.93,0.3,131115.27,131115.27,N,SP10
S0827,2024-11-09,South,P041,5,1826.26,0.23,9131.3,9131.3,N,SP19
S0828,2024-12-13,East,P028,6,$3629.16,0.08,21774.96,21774.96,N,SP11
S0829,2024-04-28,South,P040,100,4805.04,0.06,480504.0,480504.0,N,SP04
S0830,2024-02-04,West,P035,44,4422.74,0.11,194600.56,194600.56,N,SP12
S0831,2024-11-05,Central,P030,53,3929.33,0.26,208254.49,208254.49,N,SP15
S0832,2024-13-45,Nrth,P013,42,4250.57,22%,178523.94,139248.67,N,SP19
S0833,2024-12-28,Nrth,P022,68,USD 2294.33,0.25,156014.44,156014.44,N,SP10
S0834,2024-12-02,Nrth,P012,34,4995.23,0.3,169837.82,169837.82,N,SP05
S0835,2024-13-45,Sout,P043,25,1968.96,11,49224.0,49224.0,N,SP16
S0836,2024-06-10,Nrth,P050,80,1041.15,1%,83292.0,82459.08,N,SP03
S0837,2024-12-10,West,P022,81,153.05,12%,12397.05,10909.4,N,SP17
S0838,2024-05-22,Sout,P005,98,3138.49,2%,307572.02,301420.58,N,SP17
S0839,2024-11-20,Nrth,P023,88,544.87,20%,47948.56,38358.85,N,SP17
S0840,2024-02-11,Central,P034,55,3187.94,0.2,263005.05,263005.05,N,SP09
S0841,2024-10-16,West,P007,12,2858.72,0.07,34304.64,34304.64,N,SP19
S0842,2024-06-27,Sout,P036,43,2194.5,0.02,94363.5,94363.5,N,SP18
S0843,2024-08-11,West,P018,64,4153.75,21%,265840.0,210013.6,Y,SP18
S0844,2024-04-22,East,P020,12,4259.87,9%,51118.44,46517.78,N,SP04
S0845,2024-11-22,Sout,P030,4,2701.03,14,10804.12,10804.12,N,SP04
S0846,12/16/2024,Central,P018,33,1204.97,0.11,39764.01,39764.01,N,SP18
S0847,2024-06-08,North,P043,68,2223.94,0,151227.92,151227.92,N,SP03
S0848,2024-05-16,Sout,P038,2,2792.95,20%,5585.9,4468.72,N,SP05
S0849,2024-12-23,Central,P019,-1,USD 1124.91,0.12,-1124.91,-1124.91,N,SP02
S0850,2024-11-01,Nrth,P050,93,1548.89,24%,144046.77,109475.55,N,SP03
S0851,2024-04-23,East,P036,47,489.43,0.06,23003.21,23003.21,N,SP19
S0852,2024-13-45,Central,P007,49,71.52,0.29,5256.72,5256.72,N,SP09
S0853,2024-12-03,South,P045,82,1138.48,0.17,93355.36,93355.36,N,SP06
S0854,2024-10-01,Nrth,P045,26,2392.44,29,93305.16,93305.16,N,SP19
S0855,2024-03-13,West,P028,43,2772.49,12%,178825.6,157366.53,N,SP10
S0856,2024-06-02,North,P039,35,4918.21,7%,172137.35,160087.74,N,SP09
S0857,2024-11-03,West,P019,66,3602.94,6%,237794.04,223526.4,N,SP17
S0858,2024-12-10,Sout,P037,72,1548.08,0.25,111461.76,111461.76,N,SP17
S0859,24-12-2024,West,P033,22,2993.13,0.08,65848.86,65848.86,N,SP18
S0860,2024-02-01,Sout,P046,33,USD 4371.20,0.21,144249.6,144249.6,N,SP20
S0861,2024-12-11,Central,P019,78,2794.06,2%,326905.02,320366.92,N,SP06
S0862,2024-12-22,North,P042,26,3237.13,17%,84165.38,69857.27,N,SP05
S0863,2024-11-28,East,P041,8,4671.36,0.26,37370.88,37370.88,N,SP15
S0864,2024-05-25,Sout,P034,25,1155.96,11%,43348.5,38580.17,Y,SP05
S0865,2024-12-21,North,P015,7,1450.11,0.26,15226.15,15226.15,N,SP12
S0866,2024-07-13,West,P037,16,3090.0,2%,49440.0,48451.2,N,SP05
S0867,2024-09-14,Central,P029,46,1100.42,0.25,50619.32,50619.32,N,SP20
S0868,2024-07-15,Central,P019,22,3838.87,26,84455.14,84455.14,N,SP19
S0869,2024-09-12,Central,P011,47,4525.35,22%,212691.45,165899.33,N,SP13
S0870,2024-10-23,Central,P047,60,3548.51,0.1,212910.6,212910.6,N,SP12
S0871,11/15/2024,East,P041,68,4589.63,0.27,312094.84,312094.84,N,SP20
S0872,2024-01-28,South,P040,67,285.9,0%,19155.3,19155.3,N,SP20
S0873,2024-12-13,East,P029,62,1449.1,17,134766.3,134766.3,N,SP15
S0874,2024-12-02,West,P045,88,1837.68,0.15,161715.84,161715.84,N,SP20
S0875,2024-11-16,Central,P029,64,1757.43,0.1,112475.52,112475.52,N,SP15
S0876,2024-11-16,West,P046,69,847.05,3%,58446.45,56693.06,N,SP11
S0877,2024-07-08,South,P017,45,$2414.17,8%,108637.65,99946.64,N,SP11
S0878,2024-01-08,North,P032,59,$192.43,0.22,11353.37,11353.37,N,SP04
S0879,2024-05-19,South,P032,68,1476.09,21%,100374.12,79295.55,N,SP12
S0880,2024-04-25,West,P016,-1,$3825.40,29%,-3825.4,-2716.03,Y,SP10
S0881,2024-03-22,Sout,P042,57,2487.75,0.16,141801.75,141801.75,N,SP08
S0882,2024-03-28,Central,P009,-9,3872.88,0.1,-34855.92,-34855.92,N,SP02
S0883,2024-12-03,Sout,P015,67,USD 2845.01,8%,190615.67,175366.42,N,SP13
S0884,2024-12-10,East,P015,6,4989.68,0.04,29938.08,29938.08,N,SP19
S0885,2024-02-12,East,P048,60,205.68,0.25,12340.8,12340.8,N,SP11
S0886,2024-12-20,Nrth,P018,85,USD 2624.85,9%,223112.25,203032.15,N,SP10
S0887,2024-02-06,North,P042,74,3820.96,5%,424126.56,402920.23,N,SP08
S0888,2024-02-18,South,P044,5,USD 3407.88,28%,17039.4,12268.37,N,SP17
S0889,2024-11-02,North,P005,33,937.65,0.03,30942.45,30942.45,Y,SP12
S0890,2024-02-04,North,P029,19,USD 3890.22,0.02,73914.18,73914.18,Y,SP18
S0891,2024-09-01,Nrth,P003,81,133.6,26%,10821.6,8007.98,Y,SP13
S0892,05-12-2024,South,P006,38,4533.67,14%,172279.46,148160.34,N,SP13
S0893,2024-04-11,East,P002,2,3291.37,0.07,6582.74,6582.74,N,SP03
S0894,2024-10-08,East,P002,8,1462.32,25,11698.56,11698.56,N,SP03
S0895,2024-08-02,Sout,P026,74,472.84,17,34990.16,34990.16,N,SP03
S0896,2024-12-07,East,P019,85,2517.15,23%,213957.75,164747.47,N,SP06
S0897,2024-11-25,East,P045,-6,3825.42,19%,-22952.52,-18591.54,N,SP19
S0898,2024-12-10,West,P045,70,2668.12,0.03,186768.4,186768.4,N,SP15
S0899,05-12-2024,Central,P007,78,1332.89,16,103965.42,103965.42,N,SP15
S0900,12/05/2024,North,P029,35,4557.64,7%,239276.1,222526.77,N,SP20
S0901,2024-12-09,South,P031,15,2272.01,0.16,34080.15,34080.15,N,SP05
S0902,2024-09-10,South,P039,-4,2685.66,19,-10742.64,-10742.64,N,SP15
S0903,2024-06-09,Central,P005,35,870.18,0.17,30456.3,30456.3,N,SP05
S0904,2024-02-11,South,P007,24,2657.74,21,63785.76,63785.76,N,SP02
S0905,2024-12-21,East,P048,59,3689.23,0.25,217664.57,217664.57,N,SP03
S0906,2024-01-26,North,P022,78,945.14,6%,73720.92,69297.66,N,SP16
S0907,2024-13-45,Nrth,P039,3,USD 1917.17,14,5751.51,5751.51,Y,SP11
S0908,2024-09-12,Sout,P025,50,USD 2271.03,0.14,113551.5,113551.5,N,SP18
S0909,2024-12-09,Nrth,P027,41,4700.75,3%,192730.75,186948.83,N,SP14
S0910,2024-05-04,Sout,P046,70,4970.42,0.19,347929.4,347929.4,N,SP05
S0911,2024-09-13,Central,P004,46,1373.93,0.14,63200.78,63200.78,N,SP05
S0912,2024-04-06,South,P018,14,4187.2,23,58620.8,58620.8,N,SP07
S0913,2024-08-03,South,P050,40,4889.28,0.1,195571.2,195571.2,N,SP20
S0914,2024-11-22,Nrth,P049,6,3130.37,0.22,18782.22,18782.22,N,SP06
S0915,11/28/2024,North,P017,29,3176.58,4,92120.82,92120.82,N,SP03
S0916,2024-12-19,Nrth,P006,39,1835.41,27,71580.99,71580.99,N,SP04
S0917,2024-02-21,Central,P023,20,$631.47,0.02,12629.4,12629.4,N,SP17
S0918,2024-07-22,Central,P010,49,1518.8,0.12,74421.2,74421.2,N,SP08
S0919,2024-11-04,East,P011,86,3324.16,30%,285877.76,200114.43,N,SP15
S0920,2024-11-01,North,P026,22,2611.32,8%,57449.04,52853.12,N,SP13
S0921,11/22/2024,North,P012,-8,4177.08,28%,-33416.64,-24059.98,N,SP02
S0922,2024-11-26,Sout,P011,57,2592.38,0.29,147765.66,147765.66,N,SP15
S0923,2024-09-12,Central,P038,65,169.54,5,11020.1,11020.1,N,SP04
S0924,2024-12-20,Nrth,P031,70,USD 3705.79,18,259405.3,259405.3,N,SP13
S0925,2024-12-09,North,P048,70,$3431.21,,240184.7,240184.7,N,SP11
S0926,2024-05-13,Sout,P017,94,1588.15,4,149286.1,149286.1,N,SP06
S0927,2024-07-05,East,P049,81,2289.6,0.26,185457.6,185457.6,N,SP20
S0928,2024-02-13,South,P028,73,4845.14,0.14,353695.22,353695.22,N,SP19
S0929,2024-11-05,North,P042,2,1159.14,0.21,2318.28,2318.28,N,SP01
S0930,2024-02-03,Central,P022,93,4345.45,9%,404126.85,367755.43,N,SP18
S0931,2024-11-22,West,P012,40,$4718.96,15,188758.4,188758.4,N,SP11
S0932,2024-05-07,Central,P040,15,3917.73,0.18,58765.95,58765.95,N,SP03
S0933,2024-11-01,West,P002,15,863.28,5,12949.2,12949.2,N,SP16
S0934,2024-11-22,Central,P010,46,USD 518.14,,23834.44,23834.44,N,SP01
S0935,2024-12-19,Sout,P049,89,4292.86,28%,382064.54,275086.47,N,SP14
S0936,2024-11-07,North,P036,25,1562.63,0.18,39065.75,39065.75,N,SP11
S0937,2024-11-10,South,P027,15,$2820.27,,42304.05,42304.05,N,SP18
S0938,2024-05-25,South,P037,54,4187.26,0.23,226112.04,226112.04,N,SP12
S0939,2024-04-14,Sout,P022,33,USD 4625.76,2,152650.08,152650.08,N,SP15
S0940,2024-08-07,South,P028,36,4875.67,25%,175524.12,131643.09,N,SP18
S0941,2024-11-01,North,P040,8,4394.42,17,35155.36,35155.36,N,SP01
S0942,2024-04-09,North,P036,63,1228.67,28%,77406.21,55732.47,N,SP03
S0943,02/03/2024,Nrth,P003,82,1720.56,2,141085.92,141085.92,N,SP07
S0944,2024-01-12,Nrth,P029,20,2790.5,0.26,55810.0,55810.0,N,SP12
S0945,2024-09-23,North,P041,66,1915.03,0.02,126391.98,126391.98,N,SP13
S0946,2024-07-06,Nrth,P031,76,2647.07,14%,201177.32,173012.5,N,SP15
S0947,2024-06-04,Nrth,P017,19,809.51,0.02,15380.69,15380.69,N,SP18
S0948,2024-12-22,North,P007,-1,2808.34,11%,-2808.34,-2499.42,N,SP11
S0949,2024-11-28,North,P036,-8,2014.56,0.16,-16116.48,-16116.48,Y,SP20
S0950,2024-11-07,South,P037,74,2718.79,0.2,201190.46,201190.46,N,SP10
S0951,2024-02-20,East,P033,75,USD 4441.71,0.05,333128.25,333128.25,N,SP09
S0952,2024-01-07,South,P021,32,1462.72,21,46807.04,46807.04,N,SP08
S0953,2024-07-08,East,P008,49,USD 2833.39,0.19,138836.11,138836.11,N,SP02
S0954,2024-10-15,West,P010,47,1925.92,11%,90518.24,80561.23,N,SP13
S0955,2024-11-06,South,P018,35,880.35,15%,30812.25,26190.41,N,SP05
S0956,2024-04-13,North,P026,59,4785.05,0.12,282317.95,282317.95,N,SP17
S0957,2024-04-01,Nrth,P007,76,2637.32,17%,200436.32,166362.15,Y,SP04
S0958,2024-12-09,East,P013,17,1358.34,19%,23091.78,18704.34,Y,SP20
S0959,2024-01-25,East,P016,46,36.5,0.27,1679.0,1679.0,N,SP05
S0960,2024-04-15,Sout,P021,18,USD 3644.85,22,65607.3,65607.3,N,SP09
S0961,2024-04-07,North,P027,16,3933.59,29%,62937.44,44685.58,N,SP15
S0962,2024-06-28,Central,P012,13,3922.6,12,50993.8,50993.8,N,SP15
S0963,07/20/2024,Central,P046,77,$3386.79,16%,260782.83,219057.58,N,SP10
S0964,2024-01-23,Central,P011,18,1825.06,0.05,32851.08,32851.08,N,SP08
S0965,05/20/2024,North,P011,69,3636.04,24,250886.76,250886.76,N,SP11
S0966,2024-03-09,South,P042,5,834.32,,4171.6,4171.6,N,SP18
S0967,2024-05-14,North,P004,47,$3230.84,2%,151849.48,148812.49,N,SP16
S0968,2024-03-17,North,P016,76,4062.66,0.06,308762.16,308762.16,N,SP02
S0969,2024-10-02,Nrth,P003,60,272.01,0.16,16320.6,16320.6,N,SP10
S0970,2024-08-28,East,P003,20,3801.32,15,76026.4,76026.4,N,SP06
S0971,2024-02-06,South,P033,6,USD 4645.18,0.2,27871.08,27871.08,N,SP17
S0972,2024-12-09,East,P030,60,2049.87,0.25,122992.2,122992.2,N,SP18
S0973,2024-10-22,Central,P049,15,2356.33,0.2,35344.95,35344.95,N,SP14
S0974,2024-02-27,West,P006,80,1570.61,26,125648.8,125648.8,N,SP13
S0975,2024-12-11,East,P035,68,3777.78,,385333.56,385333.56,N,SP15
S0976,2024-01-03,West,P024,85,12.33,6%,1048.05,985.17,N,SP05
S0977,2024-12-01,Central,P010,81,2938.86,26,238047.66,238047.66,N,SP08
S0978,2024-10-11,South,P050,-9,4380.93,0.21,-39428.37,-39428.37,N,SP17
S0979,2024-02-19,North,P044,99,1744.05,24,172660.95,172660.95,N,SP01
S0980,2024-12-05,East,P040,57,1571.99,0.27,89603.43,89603.43,N,SP10
S0981,2024-12-22,North,P033,49,1979.85,0.26,97012.65,97012.65,N,SP05
S0982,2024-10-16,Sout,P042,39,$3371.68,18%,131495.52,107826.33,N,SP13
S0983,2024-02-22,West,P027,18,$3015.69,17%,54282.42,45054.41,N,SP03
S0984,2024-12-18,Central,P003,58,2135.2,21,123841.6,123841.6,Y,SP11
S0985,17-11-2024,Central,P046,33,$181.68,10,5995.44,5995.44,Y,SP01
S0986,2024-11-02,South,P020,73,3061.06,1%,223457.38,221222.81,N,SP20
S0987,2024-05-02,East,P001,63,3521.04,15%,221825.52,188551.69,N,SP20
S0988,2024-03-21,North,P042,97,1610.14,0.14,156183.58,156183.58,N,SP10
S0989,2024-07-02,Nrth,P027,50,1556.12,11,77806.0,77806.0,N,SP17
S0990,2024-11-04,Central,P029,26,3377.87,20,87824.62,87824.62,N,SP11
S0991,2024-11-20,Nrth,P049,8,2133.95,0.03,17071.6,17071.6,N,SP09
S0992,2024-10-25,North,P020,51,787.24,24%,40149.24,30513.42,Y,SP15
S0993,2024-12-22,Nrth,P020,60,4442.08,0%,266524.8,266524.8,N,SP02
S0994,2024-11-23,Central,P050,21,4943.2,0.17,103807.2,103807.2,N,SP05
S0995,2024-01-13,Central,P029,22,2780.94,0.27,61180.68,61180.68,N,SP18
S0996,2024-02-26,Central,P047,90,4706.21,0.24,423558.9,423558.9,N,SP18
S0997,2024-11-03,North,P010,61,2219.32,3%,203067.78,196975.75,N,SP08
S0998,2024-11-11,East,P040,49,$303.00,0.16,14847.0,14847.0,N,SP09
S0999,2024-01-25,Nrth,P041,58,3079.4,0.25,178605.2,178605.2,N,SP02
S1000,2024-12-10,North,P008,18,1329.03,18%,23922.54,19616.48,N,SP20
S0011,2024-11-08,Sout,P019,92,2676.31,0.06,246220.52,246220.52,N,SP04
S0051,2024-02-16,Central,P020,32,4957.64,11%,158644.48,141193.59,N,SP12
S0101,2024-12-18,Sout,P036,33,872.27,8,43177.36,43177.36,N,SP05
